"","name","Value"
"1","alabama,autauga",517.4
"2","alabama,baldwin",470
"3","alabama,barbour",588.3
"4","alabama,bibb",615.6
"5","alabama,blount",550.6
"6","alabama,bullock",588.6
"7","alabama,butler",634.2
"8","alabama,calhoun",751.4
"9","alabama,chambers",513.6
"10","alabama,cherokee",544
"11","alabama,chilton",646.1
"12","alabama,choctaw",698.4
"13","alabama,clarke",572.5
"14","alabama,clay",636.6
"15","alabama,cleburne",665.1
"16","alabama,coffee",593.4
"17","alabama,colbert",566.2
"18","alabama,conecuh",622.4
"19","alabama,coosa",571.9
"20","alabama,covington",640.9
"21","alabama,crenshaw",600.3
"22","alabama,cullman",653.8
"23","alabama,dale",578.5
"24","alabama,dallas",750.6
"25","alabama,de kalb",NA
"26","alabama,elmore",597.8
"27","alabama,escambia",591.5
"28","alabama,etowah",656.8
"29","alabama,fayette",670.1
"30","alabama,franklin",611.2
"31","alabama,geneva",586.3
"32","alabama,greene",624.1
"33","alabama,hale",632.6
"34","alabama,henry",562.4
"35","alabama,houston",577.1
"36","alabama,jackson",668.2
"37","alabama,jefferson",513.4
"38","alabama,lamar",547.5
"39","alabama,lauderdale",523.4
"40","alabama,lawrence",603.7
"41","alabama,lee",425.3
"42","alabama,limestone",537.8
"43","alabama,lowndes",615.3
"44","alabama,macon",664.9
"45","alabama,madison",498.1
"46","alabama,marengo",736.9
"47","alabama,marion",663.4
"48","alabama,marshall",608.7
"49","alabama,mobile",572.8
"50","alabama,monroe",579.6
"51","alabama,montgomery",494
"52","alabama,morgan",589
"53","alabama,perry",635.4
"54","alabama,pickens",563.5
"55","alabama,pike",545.7
"56","alabama,randolph",679
"57","alabama,russell",539.3
"58","alabama,st clair",NA
"59","alabama,shelby",403.1
"60","alabama,sumter",600.9
"61","alabama,talladega",659.3
"62","alabama,tallapoosa",572.3
"63","alabama,tuscaloosa",565.8
"64","alabama,walker",900.2
"65","alabama,washington",556.5
"66","alabama,wilcox",699.9
"67","alabama,winston",579.4
"68","arizona,apache",375
"69","arizona,cochise",400.6
"70","arizona,coconino",331.1
"71","arizona,gila",420.1
"72","arizona,graham",405.5
"73","arizona,greenlee",399.3
"74","arizona,maricopa",351.7
"75","arizona,mohave",536.4
"76","arizona,navajo",368.9
"77","arizona,pima",362.1
"78","arizona,pinal",315.5
"79","arizona,santa cruz",332.3
"80","arizona,yavapai",358.7
"81","arizona,yuma",344.2
"82","arkansas,arkansas",653.3
"83","arkansas,ashley",578.5
"84","arkansas,baxter",421.7
"85","arkansas,benton",421.2
"86","arkansas,boone",612.5
"87","arkansas,bradley",654.1
"88","arkansas,calhoun",607.8
"89","arkansas,carroll",550.9
"90","arkansas,chicot",619.7
"91","arkansas,clark",566.7
"92","arkansas,clay",601.8
"93","arkansas,cleburne",437.5
"94","arkansas,cleveland",588.3
"95","arkansas,columbia",605.4
"96","arkansas,conway",573.1
"97","arkansas,craighead",569
"98","arkansas,crawford",488
"99","arkansas,crittenden",529.1
"100","arkansas,cross",594.3
"101","arkansas,dallas",566.1
"102","arkansas,desha",958.7
"103","arkansas,drew",540.2
"104","arkansas,faulkner",480.5
"105","arkansas,franklin",574
"106","arkansas,fulton",501
"107","arkansas,garland",563.8
"108","arkansas,grant",532
"109","arkansas,greene",555.8
"110","arkansas,hempstead",663.7
"111","arkansas,hot spring",539.3
"112","arkansas,howard",694.1
"113","arkansas,independence",631.3
"114","arkansas,izard",476.1
"115","arkansas,jackson",587.6
"116","arkansas,jefferson",643.4
"117","arkansas,johnson",547.9
"118","arkansas,lafayette",597.8
"119","arkansas,lawrence",569
"120","arkansas,lee",594.6
"121","arkansas,lincoln",636.5
"122","arkansas,little river",612.7
"123","arkansas,logan",548.7
"124","arkansas,lonoke",497.3
"125","arkansas,madison",707.8
"126","arkansas,marion",575.6
"127","arkansas,miller",568.1
"128","arkansas,mississippi",672.1
"129","arkansas,monroe",734.5
"130","arkansas,montgomery",543.2
"131","arkansas,nevada",618.4
"132","arkansas,newton",582.2
"133","arkansas,ouachita",590.8
"134","arkansas,perry",516.3
"135","arkansas,phillips",532.1
"136","arkansas,pike",604
"137","arkansas,poinsett",674.2
"138","arkansas,polk",576.6
"139","arkansas,pope",504.1
"140","arkansas,prairie",526.6
"141","arkansas,pulaski",499.6
"142","arkansas,randolph",567.2
"143","arkansas,st francis",NA
"144","arkansas,saline",461.2
"145","arkansas,scott",557.5
"146","arkansas,searcy",504.1
"147","arkansas,sebastian",566.9
"148","arkansas,sevier",542.8
"149","arkansas,sharp",565.2
"150","arkansas,stone",415.3
"151","arkansas,union",585.3
"152","arkansas,van buren",472.9
"153","arkansas,washington",674.9
"154","arkansas,white",612.8
"155","arkansas,woodruff",641.4
"156","arkansas,yell",573.9
"157","california,alameda",333.4
"158","california,alpine",528.8
"159","california,amador",394.2
"160","california,butte",455.9
"161","california,calaveras",390.1
"162","california,colusa",403.1
"163","california,contra costa",328.8
"164","california,del norte",414.6
"165","california,el dorado",338.7
"166","california,fresno",464.1
"167","california,glenn",470.9
"168","california,humboldt",498.9
"169","california,imperial",367.4
"170","california,inyo",453.2
"171","california,kern",486.1
"172","california,kings",439.7
"173","california,lake",422.5
"174","california,lassen",430.4
"175","california,los angeles",392
"176","california,madera",406.2
"177","california,marin",241.6
"178","california,mariposa",445.2
"179","california,mendocino",383.7
"180","california,merced",439.6
"181","california,modoc",472.9
"182","california,mono",283.2
"183","california,monterey",297
"184","california,napa",344.7
"185","california,nevada",352.8
"186","california,orange",354.9
"187","california,placer",341.2
"188","california,plumas",397.7
"189","california,riverside",437.6
"190","california,sacramento",419.8
"191","california,san benito",354.1
"192","california,san bernardino",484.8
"193","california,san diego",360
"194","california,san francisco",299.3
"195","california,san joaquin",441.5
"196","california,san luis obispo",371.6
"197","california,san mateo",299.9
"198","california,santa barbara",341
"199","california,santa clara",299.5
"200","california,santa cruz",302.2
"201","california,shasta",493.1
"202","california,sierra",461.8
"203","california,siskiyou",465.3
"204","california,solano",371.1
"205","california,sonoma",349.8
"206","california,stanislaus",479
"207","california,sutter",433.4
"208","california,tehama",470.6
"209","california,trinity",429.7
"210","california,tulare",504.9
"211","california,tuolumne",422.8
"212","california,ventura",363.6
"213","california,yolo",359
"214","california,yuba",529.3
"215","colorado,adams",363.2
"216","colorado,alamosa",481.8
"217","colorado,arapahoe",314.2
"218","colorado,archuleta",353.6
"219","colorado,baca",429.5
"220","colorado,bent",454.9
"221","colorado,boulder",283.3
"222","colorado,chaffee",311.9
"223","colorado,cheyenne",353
"224","colorado,clear creek",290.4
"225","colorado,conejos",405
"226","colorado,costilla",274.5
"227","colorado,crowley",374.9
"228","colorado,custer",326.5
"229","colorado,delta",434
"230","colorado,denver",353.5
"231","colorado,dolores",318.9
"232","colorado,douglas",233.1
"233","colorado,eagle",164.6
"234","colorado,elbert",335.8
"235","colorado,el paso",374.2
"236","colorado,fremont",399.3
"237","colorado,garfield",297.6
"238","colorado,gilpin",315.7
"239","colorado,grand",221.4
"240","colorado,gunnison",253.7
"241","colorado,hinsdale",320.2
"242","colorado,huerfano",375.8
"243","colorado,jackson",301.6
"244","colorado,jefferson",356.2
"245","colorado,kiowa",448.4
"246","colorado,kit carson",340
"247","colorado,lake",205.8
"248","colorado,la plata",353.2
"249","colorado,larimer",309.6
"250","colorado,las animas",394.8
"251","colorado,lincoln",349.6
"252","colorado,logan",364
"253","colorado,mesa",425.4
"254","colorado,mineral",345.5
"255","colorado,moffat",342
"256","colorado,montezuma",360.2
"257","colorado,montrose",360.6
"258","colorado,morgan",354.9
"259","colorado,otero",479.9
"260","colorado,ouray",208.4
"261","colorado,park",269.9
"262","colorado,phillips",363.4
"263","colorado,pitkin",124.5
"264","colorado,prowers",428.1
"265","colorado,pueblo",336.7
"266","colorado,rio blanco",317
"267","colorado,rio grande",396.9
"268","colorado,routt",218
"269","colorado,saguache",330.1
"270","colorado,san juan",287.3
"271","colorado,san miguel",93.8
"272","colorado,sedgwick",379.3
"273","colorado,summit",161.6
"274","colorado,teller",319.4
"275","colorado,washington",338.5
"276","colorado,weld",336.4
"277","colorado,yuma",370.2
"278","connecticut,fairfield",329.7
"279","connecticut,hartford",358
"280","connecticut,litchfield",368.9
"281","connecticut,middlesex",351.3
"282","connecticut,new haven",369.6
"283","connecticut,new london",351
"284","connecticut,tolland",361.7
"285","connecticut,windham",402.5
"286","delaware,kent",452.6
"287","delaware,new castle",406.6
"288","delaware,sussex",426.9
"289","district of columbia,washington",NA
"290","florida,alachua",347.9
"291","florida,baker",495
"292","florida,bay",481.9
"293","florida,bradford",459.2
"294","florida,brevard",428.7
"295","florida,broward",413.8
"296","florida,calhoun",488.7
"297","florida,charlotte",311.2
"298","florida,citrus",563
"299","florida,clay",411.6
"300","florida,collier",254.3
"301","florida,columbia",465.9
"302","florida,dade",NA
"303","florida,de soto",NA
"304","florida,dixie",460.1
"305","florida,duval",458
"306","florida,escambia",476.2
"307","florida,flagler",390.5
"308","florida,franklin",464.5
"309","florida,gadsden",430.8
"310","florida,gilchrist",389.6
"311","florida,glades",318.5
"312","florida,gulf",483.3
"313","florida,hamilton",520.2
"314","florida,hardee",396.6
"315","florida,hendry",455.9
"316","florida,hernando",437.1
"317","florida,highlands",395
"318","florida,hillsborough",403.6
"319","florida,holmes",564.9
"320","florida,indian river",326.4
"321","florida,jackson",522.3
"322","florida,jefferson",463.7
"323","florida,lafayette",477.8
"324","florida,lake",385.5
"325","florida,lee",299.7
"326","florida,leon",384.7
"327","florida,levy",478.8
"328","florida,liberty",492.4
"329","florida,madison",528.1
"330","florida,manatee",326.2
"331","florida,marion",476.2
"332","florida,martin",317.4
"333","florida,monroe",361.8
"334","florida,nassau",424.1
"335","florida,okaloosa:main",NA
"336","florida,okaloosa:spit",NA
"337","florida,okeechobee",484
"338","florida,orange",408.2
"339","florida,osceola",431.5
"340","florida,palm beach",330.5
"341","florida,pasco",395.7
"342","florida,pinellas",353.2
"343","florida,polk",426.4
"344","florida,putnam",433.7
"345","florida,st johns",NA
"346","florida,st lucie",NA
"347","florida,santa rosa",441.1
"348","florida,sarasota",281.2
"349","florida,seminole",393.6
"350","florida,sumter",336.2
"351","florida,suwannee",495.6
"352","florida,taylor",492.7
"353","florida,union",671.1
"354","florida,volusia",469.3
"355","florida,wakulla",455.9
"356","florida,walton",412.8
"357","florida,washington",641.2
"358","georgia,appling",612.5
"359","georgia,atkinson",583.9
"360","georgia,bacon",701.1
"361","georgia,baker",547.2
"362","georgia,baldwin",637.3
"363","georgia,banks",434.4
"364","georgia,barrow",428.1
"365","georgia,bartow",523
"366","georgia,ben hill",624.5
"367","georgia,berrien",568
"368","georgia,bibb",658.7
"369","georgia,bleckley",527.6
"370","georgia,brantley",528
"371","georgia,brooks",536.5
"372","georgia,bryan",470.9
"373","georgia,bulloch",494.8
"374","georgia,burke",563.8
"375","georgia,butts",507.6
"376","georgia,calhoun",545.8
"377","georgia,camden",499.9
"378","georgia,candler",664.3
"379","georgia,carroll",533.6
"380","georgia,catoosa",493.5
"381","georgia,charlton",423.6
"382","georgia,chatham",456.9
"383","georgia,chattahoochee",576.1
"384","georgia,chattooga",651.7
"385","georgia,cherokee",398.8
"386","georgia,clarke",469.2
"387","georgia,clay",566.5
"388","georgia,clayton",502.9
"389","georgia,clinch",740.6
"390","georgia,cobb",390.9
"391","georgia,coffee",604.3
"392","georgia,colquitt",513.6
"393","georgia,columbia",329.2
"394","georgia,cook",554.3
"395","georgia,coweta",429.1
"396","georgia,crawford",618.8
"397","georgia,crisp",472.2
"398","georgia,dade",561.7
"399","georgia,dawson",411.3
"400","georgia,decatur",582.8
"401","georgia,de kalb",NA
"402","georgia,dodge",491.1
"403","georgia,dooly",485.9
"404","georgia,dougherty",493.6
"405","georgia,douglas",501.1
"406","georgia,early",586.2
"407","georgia,echols",465
"408","georgia,effingham",514.2
"409","georgia,elbert",536.8
"410","georgia,emanuel",683.8
"411","georgia,evans",488.4
"412","georgia,fannin",428.9
"413","georgia,fayette",325.4
"414","georgia,floyd",602.3
"415","georgia,forsyth",343.8
"416","georgia,franklin",612.6
"417","georgia,fulton",393
"418","georgia,gilmer",461.6
"419","georgia,glascock",592.8
"420","georgia,glynn",449
"421","georgia,gordon",552
"422","georgia,grady",500
"423","georgia,greene",451.5
"424","georgia,gwinnett",343.5
"425","georgia,habersham",423.1
"426","georgia,hall",382.9
"427","georgia,hancock",511.8
"428","georgia,haralson",632.2
"429","georgia,harris",445
"430","georgia,hart",466.6
"431","georgia,heard",563.4
"432","georgia,henry",460.1
"433","georgia,houston",504.2
"434","georgia,irwin",592.4
"435","georgia,jackson",502.8
"436","georgia,jasper",475.5
"437","georgia,jeff davis",695.2
"438","georgia,jefferson",603.1
"439","georgia,jenkins",563.5
"440","georgia,johnson",492.3
"441","georgia,jones",443.5
"442","georgia,lamar",551.5
"443","georgia,lanier",507.9
"444","georgia,laurens",578.8
"445","georgia,lee",475.4
"446","georgia,liberty",459.5
"447","georgia,lincoln",453.5
"448","georgia,long",423
"449","georgia,lowndes",551.4
"450","georgia,lumpkin",426.7
"451","georgia,mcduffie",524.5
"452","georgia,mcintosh",410.3
"453","georgia,macon",661.7
"454","georgia,madison",488.3
"455","georgia,marion",529.5
"456","georgia,meriwether",630.5
"457","georgia,miller",626
"458","georgia,mitchell",543.5
"459","georgia,monroe",505.2
"460","georgia,montgomery",581.5
"461","georgia,morgan",475.2
"462","georgia,murray",539.1
"463","georgia,muscogee",635.7
"464","georgia,newton",460
"465","georgia,oconee",405.5
"466","georgia,oglethorpe",417.6
"467","georgia,paulding",453.4
"468","georgia,peach",627
"469","georgia,pickens",478.6
"470","georgia,pierce",552.3
"471","georgia,pike",532.6
"472","georgia,polk",643.6
"473","georgia,pulaski",498.3
"474","georgia,putnam",457.2
"475","georgia,quitman",546.9
"476","georgia,rabun",409.1
"477","georgia,randolph",542.7
"478","georgia,richmond",553.5
"479","georgia,rockdale",421.3
"480","georgia,schley",432.6
"481","georgia,screven",519
"482","georgia,seminole",584.6
"483","georgia,spalding",528.7
"484","georgia,stephens",562.2
"485","georgia,stewart",559.3
"486","georgia,sumter",584.2
"487","georgia,talbot",582.7
"488","georgia,taliaferro",499.8
"489","georgia,tattnall",599.4
"490","georgia,taylor",609.2
"491","georgia,telfair",414.4
"492","georgia,terrell",476.7
"493","georgia,thomas",489.5
"494","georgia,tift",567.5
"495","georgia,toombs",624.8
"496","georgia,towns",405.5
"497","georgia,treutlen",604.1
"498","georgia,troup",580.3
"499","georgia,turner",534.4
"500","georgia,twiggs",601.6
"501","georgia,union",412.9
"502","georgia,upson",720
"503","georgia,walker",683.9
"504","georgia,walton",512.6
"505","georgia,ware",585.2
"506","georgia,warren",563.2
"507","georgia,washington",488.2
"508","georgia,wayne",536.5
"509","georgia,webster",515.3
"510","georgia,wheeler",438.9
"511","georgia,white",386.2
"512","georgia,whitfield",472.1
"513","georgia,wilcox",485.7
"514","georgia,wilkes",589.1
"515","georgia,wilkinson",662.8
"516","georgia,worth",471.5
"517","idaho,ada",375.5
"518","idaho,adams",323.3
"519","idaho,bannock",490.8
"520","idaho,bear lake",372.3
"521","idaho,benewah",420.8
"522","idaho,bingham",475.7
"523","idaho,blaine",231
"524","idaho,boise",332.1
"525","idaho,bonner",373.4
"526","idaho,bonneville",459.2
"527","idaho,boundary",389.9
"528","idaho,butte",427.7
"529","idaho,camas",319.8
"530","idaho,canyon",448.3
"531","idaho,caribou",460.6
"532","idaho,cassia",421.9
"533","idaho,clark",386.4
"534","idaho,clearwater",378.1
"535","idaho,custer",300.9
"536","idaho,elmore",397.4
"537","idaho,franklin",387.1
"538","idaho,fremont",438.2
"539","idaho,gem",431.1
"540","idaho,gooding",398.4
"541","idaho,idaho",332.6
"542","idaho,jefferson",460
"543","idaho,jerome",398.9
"544","idaho,kootenai",401.9
"545","idaho,latah",371.5
"546","idaho,lemhi",314.9
"547","idaho,lewis",368.2
"548","idaho,lincoln",356.9
"549","idaho,madison",493.2
"550","idaho,minidoka",384.7
"551","idaho,nez perce",423.3
"552","idaho,oneida",440.7
"553","idaho,owyhee",397.5
"554","idaho,payette",450.1
"555","idaho,power",358.9
"556","idaho,shoshone",459.9
"557","idaho,teton",332.6
"558","idaho,twin falls",396.8
"559","idaho,valley",239.2
"560","idaho,washington",413.9
"561","illinois,adams",456.1
"562","illinois,alexander",562.1
"563","illinois,bond",488.4
"564","illinois,boone",410.4
"565","illinois,brown",487.2
"566","illinois,bureau",463.9
"567","illinois,calhoun",398.2
"568","illinois,carroll",465.4
"569","illinois,cass",505.9
"570","illinois,champaign",334.9
"571","illinois,christian",426.4
"572","illinois,clark",516.5
"573","illinois,clay",497.3
"574","illinois,clinton",478.1
"575","illinois,coles",472.4
"576","illinois,cook",434.3
"577","illinois,crawford",478.6
"578","illinois,cumberland",446.3
"579","illinois,de kalb",NA
"580","illinois,de witt",444.3
"581","illinois,douglas",397.4
"582","illinois,du page",NA
"583","illinois,edgar",498.8
"584","illinois,edwards",478.9
"585","illinois,effingham",426.9
"586","illinois,fayette",421.3
"587","illinois,ford",458.6
"588","illinois,franklin",445.8
"589","illinois,fulton",457.1
"590","illinois,gallatin",568.1
"591","illinois,greene",471.1
"592","illinois,grundy",416.1
"593","illinois,hamilton",493.9
"594","illinois,hancock",417.9
"595","illinois,hardin",593.3
"596","illinois,henderson",447.8
"597","illinois,henry",461.2
"598","illinois,iroquois",505.1
"599","illinois,jackson",417.9
"600","illinois,jasper",461.6
"601","illinois,jefferson",497.8
"602","illinois,jersey",502.8
"603","illinois,jo daviess",383.5
"604","illinois,johnson",421
"605","illinois,kane",352
"606","illinois,kankakee",508.1
"607","illinois,kendall",324
"608","illinois,knox",466.5
"609","illinois,lake",316.6
"610","illinois,la salle",NA
"611","illinois,lawrence",456.9
"612","illinois,lee",446.7
"613","illinois,livingston",494
"614","illinois,logan",424.4
"615","illinois,mcdonough",476.2
"616","illinois,mchenry",387.6
"617","illinois,mclean",384.8
"618","illinois,macon",431.7
"619","illinois,macoupin",497
"620","illinois,madison",517
"621","illinois,marion",566.2
"622","illinois,marshall",455.8
"623","illinois,mason",449
"624","illinois,massac",572.2
"625","illinois,menard",405
"626","illinois,mercer",444.3
"627","illinois,monroe",419.2
"628","illinois,montgomery",433.9
"629","illinois,morgan",535.6
"630","illinois,moultrie",436.2
"631","illinois,ogle",441.5
"632","illinois,peoria",434.4
"633","illinois,perry",442.8
"634","illinois,piatt",411.5
"635","illinois,pike",455
"636","illinois,pope",466.5
"637","illinois,pulaski",537.6
"638","illinois,putnam",465.4
"639","illinois,randolph",451.8
"640","illinois,richland",467.2
"641","illinois,rock island",452.5
"642","illinois,st clair",NA
"643","illinois,saline",494.9
"644","illinois,sangamon",430.8
"645","illinois,schuyler",487.6
"646","illinois,scott",425.8
"647","illinois,shelby",432.4
"648","illinois,stark",449.8
"649","illinois,stephenson",374.2
"650","illinois,tazewell",436.7
"651","illinois,union",487.2
"652","illinois,vermilion",509.2
"653","illinois,wabash",461
"654","illinois,warren",476.7
"655","illinois,washington",477.1
"656","illinois,wayne",503
"657","illinois,white",494.1
"658","illinois,whiteside",459.2
"659","illinois,will",418.9
"660","illinois,williamson",420.1
"661","illinois,winnebago",446
"662","illinois,woodford",376.5
"663","indiana,adams",422.8
"664","indiana,allen",454.3
"665","indiana,bartholomew",440
"666","indiana,benton",461.8
"667","indiana,blackford",489.1
"668","indiana,boone",493.9
"669","indiana,brown",399.9
"670","indiana,carroll",424.1
"671","indiana,cass",439.4
"672","indiana,clark",510.8
"673","indiana,clay",576.1
"674","indiana,clinton",456.3
"675","indiana,crawford",478.6
"676","indiana,daviess",474.4
"677","indiana,dearborn",447.4
"678","indiana,decatur",497.3
"679","indiana,de kalb",NA
"680","indiana,delaware",491.7
"681","indiana,dubois",475.4
"682","indiana,elkhart",451.1
"683","indiana,fayette",579.5
"684","indiana,floyd",463.6
"685","indiana,fountain",440.9
"686","indiana,franklin",420.7
"687","indiana,fulton",513.6
"688","indiana,gibson",467.5
"689","indiana,grant",517.1
"690","indiana,greene",487.4
"691","indiana,hamilton",348.3
"692","indiana,hancock",388.2
"693","indiana,harrison",427.4
"694","indiana,hendricks",420.5
"695","indiana,henry",491.5
"696","indiana,howard",505.8
"697","indiana,huntington",474.4
"698","indiana,jackson",448.2
"699","indiana,jasper",498.9
"700","indiana,jay",460.8
"701","indiana,jefferson",549
"702","indiana,jennings",527.2
"703","indiana,johnson",435.9
"704","indiana,knox",478.5
"705","indiana,kosciusko",446.8
"706","indiana,lagrange",459
"707","indiana,lake",478.2
"708","indiana,la porte",NA
"709","indiana,lawrence",444.2
"710","indiana,madison",456.6
"711","indiana,marion",466.3
"712","indiana,marshall",459.5
"713","indiana,martin",472.1
"714","indiana,miami",549.7
"715","indiana,monroe",385.6
"716","indiana,montgomery",499.1
"717","indiana,morgan",468.2
"718","indiana,newton",490.7
"719","indiana,noble",448.3
"720","indiana,ohio",378.9
"721","indiana,orange",472.6
"722","indiana,owen",478.1
"723","indiana,parke",492.5
"724","indiana,perry",501.8
"725","indiana,pike",468.6
"726","indiana,porter",413.6
"727","indiana,posey",401.4
"728","indiana,pulaski",482.6
"729","indiana,putnam",447.2
"730","indiana,randolph",530.4
"731","indiana,ripley",511.3
"732","indiana,rush",486.9
"733","indiana,st joseph",NA
"734","indiana,scott",529.3
"735","indiana,shelby",432.1
"736","indiana,spencer",477.4
"737","indiana,starke",537.2
"738","indiana,steuben",424.8
"739","indiana,sullivan",535.5
"740","indiana,switzerland",397.2
"741","indiana,tippecanoe",429.6
"742","indiana,tipton",418.7
"743","indiana,union",467.9
"744","indiana,vanderburgh",434.3
"745","indiana,vermillion",580.8
"746","indiana,vigo",568.2
"747","indiana,wabash",483.7
"748","indiana,warren",451.3
"749","indiana,warrick",454.9
"750","indiana,washington",497.7
"751","indiana,wayne",594.9
"752","indiana,wells",460
"753","indiana,white",455.1
"754","indiana,whitley",454.7
"755","iowa,adair",407.4
"756","iowa,adams",484.7
"757","iowa,allamakee",447.9
"758","iowa,appanoose",488
"759","iowa,audubon",400.9
"760","iowa,benton",376.5
"761","iowa,black hawk",436.8
"762","iowa,boone",421.2
"763","iowa,bremer",448.1
"764","iowa,buchanan",437.2
"765","iowa,buena vista",423.8
"766","iowa,butler",449.5
"767","iowa,calhoun",452.7
"768","iowa,carroll",405.3
"769","iowa,cass",452.5
"770","iowa,cedar",375.2
"771","iowa,cerro gordo",456.2
"772","iowa,cherokee",389.1
"773","iowa,chickasaw",489.7
"774","iowa,clarke",471.5
"775","iowa,clay",412.7
"776","iowa,clayton",366.9
"777","iowa,clinton",462.2
"778","iowa,crawford",398.1
"779","iowa,dallas",334.1
"780","iowa,davis",476.6
"781","iowa,decatur",500
"782","iowa,delaware",375.4
"783","iowa,des moines",438
"784","iowa,dickinson",412.6
"785","iowa,dubuque",390.7
"786","iowa,emmet",392.1
"787","iowa,fayette",456.1
"788","iowa,floyd",475.7
"789","iowa,franklin",446.8
"790","iowa,fremont",384.5
"791","iowa,greene",474.6
"792","iowa,grundy",446.3
"793","iowa,guthrie",385.2
"794","iowa,hamilton",404.4
"795","iowa,hancock",443.1
"796","iowa,hardin",407.9
"797","iowa,harrison",422.1
"798","iowa,henry",455.7
"799","iowa,howard",546.8
"800","iowa,humboldt",475.8
"801","iowa,ida",413
"802","iowa,iowa",373
"803","iowa,jackson",461
"804","iowa,jasper",384.3
"805","iowa,jefferson",462.5
"806","iowa,johnson",372.5
"807","iowa,jones",363.7
"808","iowa,keokuk",442.5
"809","iowa,kossuth",430.6
"810","iowa,lee",465
"811","iowa,linn",365
"812","iowa,louisa",414
"813","iowa,lucas",486.3
"814","iowa,lyon",360
"815","iowa,madison",390.6
"816","iowa,mahaska",476.3
"817","iowa,marion",456.9
"818","iowa,marshall",499.6
"819","iowa,mills",324.8
"820","iowa,mitchell",475.3
"821","iowa,monona",508.8
"822","iowa,monroe",490.4
"823","iowa,montgomery",476.1
"824","iowa,muscatine",406.2
"825","iowa,obrien",NA
"826","iowa,osceola",395.6
"827","iowa,page",471.7
"828","iowa,palo alto",423.3
"829","iowa,plymouth",318
"830","iowa,pocahontas",494.7
"831","iowa,polk",398.8
"832","iowa,pottawattamie",414.2
"833","iowa,poweshiek",394.5
"834","iowa,ringgold",489.5
"835","iowa,sac",421.4
"836","iowa,scott",402.8
"837","iowa,shelby",408.6
"838","iowa,sioux",285.2
"839","iowa,story",335.9
"840","iowa,tama",428.2
"841","iowa,taylor",466.8
"842","iowa,union",450.5
"843","iowa,van buren",481.6
"844","iowa,wapello",477.8
"845","iowa,warren",452.8
"846","iowa,washington",406.6
"847","iowa,wayne",501.6
"848","iowa,webster",522
"849","iowa,winnebago",429.7
"850","iowa,winneshiek",405
"851","iowa,woodbury",383.4
"852","iowa,worth",399.3
"853","iowa,wright",452.3
"854","kansas,allen",485.8
"855","kansas,anderson",480.4
"856","kansas,atchison",440.8
"857","kansas,barber",535.7
"858","kansas,barton",436.7
"859","kansas,bourbon",497.7
"860","kansas,brown",524.2
"861","kansas,butler",434.5
"862","kansas,chase",455.7
"863","kansas,chautauqua",553.1
"864","kansas,cherokee",599.1
"865","kansas,cheyenne",359.6
"866","kansas,clark",435
"867","kansas,clay",383.3
"868","kansas,cloud",486.5
"869","kansas,coffey",485.5
"870","kansas,comanche",465.2
"871","kansas,cowley",451
"872","kansas,crawford",516.4
"873","kansas,decatur",375.2
"874","kansas,dickinson",444.7
"875","kansas,doniphan",460.6
"876","kansas,douglas",391.9
"877","kansas,edwards",417.7
"878","kansas,elk",531.2
"879","kansas,ellis",404
"880","kansas,ellsworth",472.3
"881","kansas,finney",316.8
"882","kansas,ford",412.4
"883","kansas,franklin",472.8
"884","kansas,geary",558.7
"885","kansas,gove",353.1
"886","kansas,graham",410.6
"887","kansas,grant",413
"888","kansas,gray",361.7
"889","kansas,greeley",405.6
"890","kansas,greenwood",467.1
"891","kansas,hamilton",419.9
"892","kansas,harper",418.2
"893","kansas,harvey",415
"894","kansas,haskell",379.1
"895","kansas,hodgeman",394.5
"896","kansas,jackson",486.1
"897","kansas,jefferson",409.5
"898","kansas,jewell",385.8
"899","kansas,johnson",376.6
"900","kansas,kearny",310.3
"901","kansas,kingman",605.7
"902","kansas,kiowa",426.1
"903","kansas,labette",565.8
"904","kansas,lane",314.9
"905","kansas,leavenworth",439.8
"906","kansas,lincoln",406
"907","kansas,linn",469.4
"908","kansas,logan",349.6
"909","kansas,lyon",452.7
"910","kansas,mcpherson",395
"911","kansas,marion",421.8
"912","kansas,marshall",376.3
"913","kansas,meade",434.4
"914","kansas,miami",411.5
"915","kansas,mitchell",446.4
"916","kansas,montgomery",633.4
"917","kansas,morris",464.2
"918","kansas,morton",529.3
"919","kansas,nemaha",378
"920","kansas,neosho",500.5
"921","kansas,ness",372.1
"922","kansas,norton",388.3
"923","kansas,osage",441.2
"924","kansas,osborne",406.9
"925","kansas,ottawa",420.6
"926","kansas,pawnee",466.8
"927","kansas,phillips",407.4
"928","kansas,pottawatomie",388
"929","kansas,pratt",419.4
"930","kansas,rawlins",393.8
"931","kansas,reno",386.1
"932","kansas,republic",394
"933","kansas,rice",468.7
"934","kansas,riley",383.3
"935","kansas,rooks",433.9
"936","kansas,rush",493.9
"937","kansas,russell",439.6
"938","kansas,saline",395.1
"939","kansas,scott",312.7
"940","kansas,sedgwick",417.6
"941","kansas,seward",447.8
"942","kansas,shawnee",413.5
"943","kansas,sheridan",351.2
"944","kansas,sherman",360.2
"945","kansas,smith",423.1
"946","kansas,stafford",395.2
"947","kansas,stanton",404.8
"948","kansas,stevens",349.4
"949","kansas,sumner",429
"950","kansas,thomas",356.5
"951","kansas,trego",474.6
"952","kansas,wabaunsee",398.5
"953","kansas,wallace",362.7
"954","kansas,washington",403.9
"955","kansas,wichita",348.5
"956","kansas,wilson",531.8
"957","kansas,woodson",489.8
"958","kansas,wyandotte",486.3
"959","kentucky,adair",598.1
"960","kentucky,allen",544.8
"961","kentucky,anderson",442.2
"962","kentucky,ballard",559.6
"963","kentucky,barren",540.3
"964","kentucky,bath",584.3
"965","kentucky,bell",730.8
"966","kentucky,boone",377.8
"967","kentucky,bourbon",508.1
"968","kentucky,boyd",567.5
"969","kentucky,boyle",442.6
"970","kentucky,bracken",558.1
"971","kentucky,breathitt",907.9
"972","kentucky,breckinridge",459.9
"973","kentucky,bullitt",386.4
"974","kentucky,butler",488.1
"975","kentucky,caldwell",583.2
"976","kentucky,calloway",530.6
"977","kentucky,campbell",418.9
"978","kentucky,carlisle",510.3
"979","kentucky,carroll",570.2
"980","kentucky,carter",506.5
"981","kentucky,casey",506.1
"982","kentucky,christian",543.3
"983","kentucky,clark",579.2
"984","kentucky,clay",708.9
"985","kentucky,clinton",553.3
"986","kentucky,crittenden",642.5
"987","kentucky,cumberland",622.1
"988","kentucky,daviess",470.5
"989","kentucky,edmonson",501.9
"990","kentucky,elliott",450.5
"991","kentucky,estill",632.7
"992","kentucky,fayette",380.6
"993","kentucky,fleming",572.2
"994","kentucky,floyd",652.9
"995","kentucky,franklin",464.6
"996","kentucky,fulton",620.4
"997","kentucky,gallatin",617.3
"998","kentucky,garrard",413.2
"999","kentucky,grant",580.3
"1000","kentucky,graves",532.3
"1001","kentucky,grayson",496.9
"1002","kentucky,green",569
"1003","kentucky,greenup",476.4
"1004","kentucky,hancock",486
"1005","kentucky,hardin",379.7
"1006","kentucky,harlan",770.5
"1007","kentucky,harrison",596.7
"1008","kentucky,hart",529.3
"1009","kentucky,henderson",456.8
"1010","kentucky,henry",449.9
"1011","kentucky,hickman",559
"1012","kentucky,hopkins",581.1
"1013","kentucky,jackson",730.6
"1014","kentucky,jefferson",433
"1015","kentucky,jessamine",361.3
"1016","kentucky,johnson",616.3
"1017","kentucky,kenton",418.6
"1018","kentucky,knott",649.8
"1019","kentucky,knox",572.9
"1020","kentucky,larue",490.2
"1021","kentucky,laurel",555.7
"1022","kentucky,lawrence",587.7
"1023","kentucky,lee",723.8
"1024","kentucky,leslie",758.2
"1025","kentucky,letcher",577
"1026","kentucky,lewis",592.8
"1027","kentucky,lincoln",490.7
"1028","kentucky,livingston",542.5
"1029","kentucky,logan",434.3
"1030","kentucky,lyon",513.5
"1031","kentucky,mccracken",510.7
"1032","kentucky,mccreary",606.8
"1033","kentucky,mclean",536.6
"1034","kentucky,madison",482.1
"1035","kentucky,magoffin",540.9
"1036","kentucky,marion",466.8
"1037","kentucky,marshall",523.3
"1038","kentucky,martin",530.9
"1039","kentucky,mason",581.5
"1040","kentucky,meade",437.7
"1041","kentucky,menifee",542.4
"1042","kentucky,mercer",467.5
"1043","kentucky,metcalfe",568.4
"1044","kentucky,monroe",717.9
"1045","kentucky,montgomery",573.2
"1046","kentucky,morgan",471.4
"1047","kentucky,muhlenberg",555.1
"1048","kentucky,nelson",445.3
"1049","kentucky,nicholas",605.5
"1050","kentucky,ohio",566.2
"1051","kentucky,oldham",369.7
"1052","kentucky,owen",526.2
"1053","kentucky,owsley",731.5
"1054","kentucky,pendleton",457
"1055","kentucky,perry",780.3
"1056","kentucky,pike",571.8
"1057","kentucky,powell",678.7
"1058","kentucky,pulaski",538.3
"1059","kentucky,robertson",614.4
"1060","kentucky,rockcastle",502.5
"1061","kentucky,rowan",514.2
"1062","kentucky,russell",570.5
"1063","kentucky,scott",595.9
"1064","kentucky,shelby",412.9
"1065","kentucky,simpson",578
"1066","kentucky,spencer",431.4
"1067","kentucky,taylor",526.1
"1068","kentucky,todd",560.2
"1069","kentucky,trigg",539.6
"1070","kentucky,trimble",548.7
"1071","kentucky,union",558.3
"1072","kentucky,warren",486.1
"1073","kentucky,washington",453.9
"1074","kentucky,wayne",545.2
"1075","kentucky,webster",549.2
"1076","kentucky,whitley",753.4
"1077","kentucky,wolfe",817.6
"1078","kentucky,woodford",404.4
"1079","louisiana,acadia",581.7
"1080","louisiana,allen",600.6
"1081","louisiana,ascension",488.1
"1082","louisiana,assumption",512.1
"1083","louisiana,avoyelles",673.9
"1084","louisiana,beauregard",677.3
"1085","louisiana,bienville",540.9
"1086","louisiana,bossier",500.8
"1087","louisiana,caddo",478.3
"1088","louisiana,calcasieu",711
"1089","louisiana,caldwell",796.7
"1090","louisiana,cameron",638.3
"1091","louisiana,catahoula",772.4
"1092","louisiana,claiborne",582.2
"1093","louisiana,concordia",623.9
"1094","louisiana,de soto",501.3
"1095","louisiana,east baton rouge",507.8
"1096","louisiana,east carroll",652.8
"1097","louisiana,east feliciana",658.5
"1098","louisiana,evangeline",599.4
"1099","louisiana,franklin",1028
"1100","louisiana,grant",572.5
"1101","louisiana,iberia",633.5
"1102","louisiana,iberville",488.6
"1103","louisiana,jackson",553.6
"1104","louisiana,jefferson",447.4
"1105","louisiana,jefferson davis",678.4
"1106","louisiana,lafayette",486.2
"1107","louisiana,lafourche",451.4
"1108","louisiana,la salle",520.5
"1109","louisiana,lincoln",429.2
"1110","louisiana,livingston",493.4
"1111","louisiana,madison",771.6
"1112","louisiana,morehouse",707
"1113","louisiana,natchitoches",582
"1114","louisiana,orleans",469.7
"1115","louisiana,ouachita",450.7
"1116","louisiana,plaquemines",454
"1117","louisiana,pointe coupee",597.3
"1118","louisiana,rapides",673.7
"1119","louisiana,red river",496.1
"1120","louisiana,richland",683
"1121","louisiana,sabine",520.1
"1122","louisiana,st bernard",NA
"1123","louisiana,st charles",NA
"1124","louisiana,st helena",NA
"1125","louisiana,st james",NA
"1126","louisiana,st john the baptist",NA
"1127","louisiana,st landry",NA
"1128","louisiana,st martin:north",NA
"1129","louisiana,st martin:south",NA
"1130","louisiana,st mary",NA
"1131","louisiana,st tammany",NA
"1132","louisiana,tangipahoa",577.9
"1133","louisiana,tensas",709.5
"1134","louisiana,terrebonne",510.3
"1135","louisiana,union",514.6
"1136","louisiana,vermilion",647.8
"1137","louisiana,vernon",652.9
"1138","louisiana,washington",576.4
"1139","louisiana,webster",604.2
"1140","louisiana,west baton rouge",448.2
"1141","louisiana,west carroll",666.8
"1142","louisiana,west feliciana",423.8
"1143","louisiana,winn",650.8
"1144","maine,androscoggin",410.1
"1145","maine,aroostook",397.3
"1146","maine,cumberland",340
"1147","maine,franklin",392.4
"1148","maine,hancock",354.5
"1149","maine,kennebec",407.8
"1150","maine,knox",402.9
"1151","maine,lincoln",402.2
"1152","maine,oxford",358.7
"1153","maine,penobscot",407.8
"1154","maine,piscataquis",438.6
"1155","maine,sagadahoc",389.7
"1156","maine,somerset",442.1
"1157","maine,waldo",412.7
"1158","maine,washington",426.5
"1159","maine,york",328.9
"1160","maryland,allegany",498.1
"1161","maryland,anne arundel",429.4
"1162","maryland,baltimore",NA
"1163","maryland,calvert",435.7
"1164","maryland,caroline",500.1
"1165","maryland,carroll",448.9
"1166","maryland,cecil",505.3
"1167","maryland,charles",437.9
"1168","maryland,dorchester",545.5
"1169","maryland,frederick",396
"1170","maryland,garrett",497.4
"1171","maryland,harford",423.3
"1172","maryland,howard",305
"1173","maryland,kent",439.6
"1174","maryland,montgomery",271.8
"1175","maryland,prince georges",NA
"1176","maryland,queen annes",NA
"1177","maryland,st marys",NA
"1178","maryland,somerset",648.1
"1179","maryland,talbot",346.8
"1180","maryland,washington",472
"1181","maryland,wicomico",599.2
"1182","maryland,worcester",487.1
"1183","maryland,baltimore city",584.5
"1184","massachusetts,barnstable",345.3
"1185","massachusetts,berkshire",383.5
"1186","massachusetts,bristol",370.8
"1187","massachusetts,dukes",323.1
"1188","massachusetts,essex",333.9
"1189","massachusetts,franklin",372.5
"1190","massachusetts,hampden",392.8
"1191","massachusetts,hampshire",364.1
"1192","massachusetts,middlesex",301.8
"1193","massachusetts,nantucket",344.6
"1194","massachusetts,norfolk",313.1
"1195","massachusetts,plymouth",345.5
"1196","massachusetts,suffolk",306.3
"1197","massachusetts,worcester",371.4
"1198","michigan,alcona",587.2
"1199","michigan,alger",423.6
"1200","michigan,allegan",396.1
"1201","michigan,alpena",553.6
"1202","michigan,antrim",414.7
"1203","michigan,arenac",575.4
"1204","michigan,baraga",462.4
"1205","michigan,barry",427.5
"1206","michigan,bay",565
"1207","michigan,benzie",352.5
"1208","michigan,berrien",560.9
"1209","michigan,branch",482.6
"1210","michigan,calhoun",493.4
"1211","michigan,cass",484.6
"1212","michigan,charlevoix",424.5
"1213","michigan,cheboygan",441.4
"1214","michigan,chippewa",423.5
"1215","michigan,clare",547.8
"1216","michigan,clinton",386.4
"1217","michigan,crawford",450.1
"1218","michigan,delta",429.7
"1219","michigan,dickinson",428.6
"1220","michigan,eaton",425.9
"1221","michigan,emmet",418.8
"1222","michigan,genesee",566.4
"1223","michigan,gladwin",533
"1224","michigan,gogebic",492.3
"1225","michigan,grand traverse",397.9
"1226","michigan,gratiot",518.2
"1227","michigan,hillsdale",517.4
"1228","michigan,houghton",464.8
"1229","michigan,huron",523.2
"1230","michigan,ingham",416.4
"1231","michigan,ionia",444.8
"1232","michigan,iosco",585.9
"1233","michigan,iron",483.3
"1234","michigan,isabella",503.4
"1235","michigan,jackson",528.4
"1236","michigan,kalamazoo",396.8
"1237","michigan,kalkaska",483
"1238","michigan,kent",420.3
"1239","michigan,keweenaw",440.5
"1240","michigan,lake",486.2
"1241","michigan,lapeer",509.6
"1242","michigan,leelanau",324.2
"1243","michigan,lenawee",496.7
"1244","michigan,livingston",444.3
"1245","michigan,luce",420.3
"1246","michigan,mackinac",428.3
"1247","michigan,macomb",497.6
"1248","michigan,manistee",424.9
"1249","michigan,marquette",430.9
"1250","michigan,mason",457.1
"1251","michigan,mecosta",486.3
"1252","michigan,menominee",432.4
"1253","michigan,midland",390.1
"1254","michigan,missaukee",480.8
"1255","michigan,monroe",462.9
"1256","michigan,montcalm",452
"1257","michigan,montmorency",532.4
"1258","michigan,muskegon",430.3
"1259","michigan,newaygo",436.6
"1260","michigan,oakland",459.8
"1261","michigan,oceana",449.2
"1262","michigan,ogemaw",595.4
"1263","michigan,ontonagon",506.1
"1264","michigan,osceola",484.2
"1265","michigan,oscoda",566.7
"1266","michigan,otsego",465.2
"1267","michigan,ottawa",360
"1268","michigan,presque isle",502
"1269","michigan,roscommon",556.3
"1270","michigan,saginaw",439.4
"1271","michigan,st clair",NA
"1272","michigan,st joseph",NA
"1273","michigan,sanilac",528.5
"1274","michigan,schoolcraft",417.8
"1275","michigan,shiawassee",506.7
"1276","michigan,tuscola",503.5
"1277","michigan,van buren",507.4
"1278","michigan,washtenaw",396.3
"1279","michigan,wayne",610.7
"1280","michigan,wexford",414.1
"1281","minnesota,aitkin",358.1
"1282","minnesota,anoka",275.3
"1283","minnesota,becker",329.6
"1284","minnesota,beltrami",356.2
"1285","minnesota,benton",347.7
"1286","minnesota,big stone",396.7
"1287","minnesota,blue earth",348.9
"1288","minnesota,brown",316.4
"1289","minnesota,carlton",372.7
"1290","minnesota,carver",278.3
"1291","minnesota,cass",323.8
"1292","minnesota,chippewa",368.7
"1293","minnesota,chisago",337.7
"1294","minnesota,clay",336.1
"1295","minnesota,clearwater",347.7
"1296","minnesota,cook",312.8
"1297","minnesota,cottonwood",397.4
"1298","minnesota,crow wing",315.2
"1299","minnesota,dakota",273
"1300","minnesota,dodge",379.7
"1301","minnesota,douglas",337.8
"1302","minnesota,faribault",417.3
"1303","minnesota,fillmore",389
"1304","minnesota,freeborn",380.5
"1305","minnesota,goodhue",355.9
"1306","minnesota,grant",372.8
"1307","minnesota,hennepin",289.6
"1308","minnesota,houston",367.5
"1309","minnesota,hubbard",298.9
"1310","minnesota,isanti",357.1
"1311","minnesota,itasca",355.6
"1312","minnesota,jackson",393.1
"1313","minnesota,kanabec",354
"1314","minnesota,kandiyohi",298.6
"1315","minnesota,kittson",365.2
"1316","minnesota,koochiching",360.4
"1317","minnesota,lac qui parle",395.5
"1318","minnesota,lake",355.8
"1319","minnesota,lake of the woods",367.7
"1320","minnesota,le sueur",338
"1321","minnesota,lincoln",382.2
"1322","minnesota,lyon",326.3
"1323","minnesota,mcleod",348.6
"1324","minnesota,mahnomen",379
"1325","minnesota,marshall",381.6
"1326","minnesota,martin",370
"1327","minnesota,meeker",331.6
"1328","minnesota,mille lacs",373.9
"1329","minnesota,morrison",298.5
"1330","minnesota,mower",379.6
"1331","minnesota,murray",376.4
"1332","minnesota,nicollet",330.2
"1333","minnesota,nobles",387.9
"1334","minnesota,norman",349.3
"1335","minnesota,olmsted",314.2
"1336","minnesota,otter tail",370.9
"1337","minnesota,pennington",366.1
"1338","minnesota,pine",359
"1339","minnesota,pipestone",398.9
"1340","minnesota,polk",383.2
"1341","minnesota,pope",344.6
"1342","minnesota,ramsey",328.8
"1343","minnesota,red lake",375
"1344","minnesota,redwood",380.9
"1345","minnesota,renville",338.2
"1346","minnesota,rice",332.6
"1347","minnesota,rock",403.7
"1348","minnesota,roseau",372.1
"1349","minnesota,st louis",NA
"1350","minnesota,scott",290.6
"1351","minnesota,sherburne",296.7
"1352","minnesota,sibley",311.5
"1353","minnesota,stearns",279.3
"1354","minnesota,steele",351.7
"1355","minnesota,stevens",366.9
"1356","minnesota,swift",358
"1357","minnesota,todd",309.5
"1358","minnesota,traverse",405.4
"1359","minnesota,wabasha",331.8
"1360","minnesota,wadena",416.4
"1361","minnesota,waseca",366
"1362","minnesota,washington",278.3
"1363","minnesota,watonwan",364.7
"1364","minnesota,wilkin",368.1
"1365","minnesota,winona",377
"1366","minnesota,wright",306.1
"1367","minnesota,yellow medicine",350.4
"1368","mississippi,adams",504.9
"1369","mississippi,alcorn",676.6
"1370","mississippi,amite",631.3
"1371","mississippi,attala",536.3
"1372","mississippi,benton",557.5
"1373","mississippi,bolivar",746.9
"1374","mississippi,calhoun",566.3
"1375","mississippi,carroll",489
"1376","mississippi,chickasaw",622.8
"1377","mississippi,choctaw",568.2
"1378","mississippi,claiborne",662.6
"1379","mississippi,clarke",740.8
"1380","mississippi,clay",548.7
"1381","mississippi,coahoma",628
"1382","mississippi,copiah",632.7
"1383","mississippi,covington",695.8
"1384","mississippi,de soto",NA
"1385","mississippi,forrest",577.6
"1386","mississippi,franklin",565.2
"1387","mississippi,george",663.6
"1388","mississippi,greene",660.1
"1389","mississippi,grenada",776.7
"1390","mississippi,hancock",511
"1391","mississippi,harrison",615.5
"1392","mississippi,hinds",573.6
"1393","mississippi,holmes",681.1
"1394","mississippi,humphreys",665.8
"1395","mississippi,issaquena",570.4
"1396","mississippi,itawamba",599.5
"1397","mississippi,jackson",527.1
"1398","mississippi,jasper",612.9
"1399","mississippi,jefferson",689.5
"1400","mississippi,jefferson davis",589.3
"1401","mississippi,jones",577.7
"1402","mississippi,kemper",586.8
"1403","mississippi,lafayette",548.7
"1404","mississippi,lamar",473.4
"1405","mississippi,lauderdale",640.2
"1406","mississippi,lawrence",683.8
"1407","mississippi,leake",547.1
"1408","mississippi,lee",527.4
"1409","mississippi,leflore",858.7
"1410","mississippi,lincoln",644.6
"1411","mississippi,lowndes",519.9
"1412","mississippi,madison",516.5
"1413","mississippi,marion",561.7
"1414","mississippi,marshall",509.5
"1415","mississippi,monroe",542.2
"1416","mississippi,montgomery",605.1
"1417","mississippi,neshoba",795.6
"1418","mississippi,newton",590
"1419","mississippi,noxubee",586.9
"1420","mississippi,oktibbeha",481.1
"1421","mississippi,panola",692.2
"1422","mississippi,pearl river",541
"1423","mississippi,perry",511
"1424","mississippi,pike",687.5
"1425","mississippi,pontotoc",509
"1426","mississippi,prentiss",605.8
"1427","mississippi,quitman",681.5
"1428","mississippi,rankin",413.1
"1429","mississippi,scott",596.1
"1430","mississippi,sharkey",619.6
"1431","mississippi,simpson",578.9
"1432","mississippi,smith",489.5
"1433","mississippi,stone",594.8
"1434","mississippi,sunflower",702.5
"1435","mississippi,tallahatchie",649.7
"1436","mississippi,tate",595.4
"1437","mississippi,tippah",637.7
"1438","mississippi,tishomingo",701.7
"1439","mississippi,tunica",824.9
"1440","mississippi,union",594.3
"1441","mississippi,walthall",644.1
"1442","mississippi,warren",659.3
"1443","mississippi,washington",629.3
"1444","mississippi,wayne",614
"1445","mississippi,webster",779.5
"1446","mississippi,wilkinson",703
"1447","mississippi,winston",620.5
"1448","mississippi,yalobusha",719.7
"1449","mississippi,yazoo",514.3
"1450","missouri,adair",476.1
"1451","missouri,andrew",426.9
"1452","missouri,atchison",420.5
"1453","missouri,audrain",503.2
"1454","missouri,barry",556.5
"1455","missouri,barton",528.1
"1456","missouri,bates",528.3
"1457","missouri,benton",466.9
"1458","missouri,bollinger",569.7
"1459","missouri,boone",384.3
"1460","missouri,buchanan",487
"1461","missouri,butler",518.7
"1462","missouri,caldwell",442.7
"1463","missouri,callaway",415.9
"1464","missouri,camden",363.7
"1465","missouri,cape girardeau",523.9
"1466","missouri,carroll",555.9
"1467","missouri,carter",553.4
"1468","missouri,cass",408.3
"1469","missouri,cedar",529.9
"1470","missouri,chariton",475.8
"1471","missouri,christian",403.6
"1472","missouri,clark",512.2
"1473","missouri,clay",382.5
"1474","missouri,clinton",520.7
"1475","missouri,cole",423.9
"1476","missouri,cooper",613.6
"1477","missouri,crawford",725
"1478","missouri,dade",512.3
"1479","missouri,dallas",477.8
"1480","missouri,daviess",502.8
"1481","missouri,de kalb",NA
"1482","missouri,dent",499.4
"1483","missouri,douglas",553.3
"1484","missouri,dunklin",701.5
"1485","missouri,franklin",475.7
"1486","missouri,gasconade",447.9
"1487","missouri,gentry",457.9
"1488","missouri,greene",472.9
"1489","missouri,grundy",471
"1490","missouri,harrison",498.7
"1491","missouri,henry",592.9
"1492","missouri,hickory",397.9
"1493","missouri,holt",407.7
"1494","missouri,howard",502.6
"1495","missouri,howell",519.2
"1496","missouri,iron",674.1
"1497","missouri,jackson",436.5
"1498","missouri,jasper",552.6
"1499","missouri,jefferson",501.5
"1500","missouri,johnson",508.7
"1501","missouri,knox",497.2
"1502","missouri,laclede",522.2
"1503","missouri,lafayette",481.3
"1504","missouri,lawrence",519.5
"1505","missouri,lewis",560.6
"1506","missouri,lincoln",468.1
"1507","missouri,linn",585.2
"1508","missouri,livingston",416.6
"1509","missouri,mcdonald",533.6
"1510","missouri,macon",490.6
"1511","missouri,madison",574.9
"1512","missouri,maries",475.1
"1513","missouri,marion",490.3
"1514","missouri,mercer",506.3
"1515","missouri,miller",489.5
"1516","missouri,mississippi",639.7
"1517","missouri,moniteau",507.1
"1518","missouri,monroe",466
"1519","missouri,montgomery",598.3
"1520","missouri,morgan",587.6
"1521","missouri,new madrid",614.1
"1522","missouri,newton",560.4
"1523","missouri,nodaway",423.2
"1524","missouri,oregon",547.5
"1525","missouri,osage",437.4
"1526","missouri,ozark",489.6
"1527","missouri,pemiscot",765.5
"1528","missouri,perry",485.5
"1529","missouri,pettis",510.8
"1530","missouri,phelps",474.6
"1531","missouri,pike",512.5
"1532","missouri,platte",369.8
"1533","missouri,polk",491.9
"1534","missouri,pulaski",489.1
"1535","missouri,putnam",492
"1536","missouri,ralls",462
"1537","missouri,randolph",562.2
"1538","missouri,ray",511
"1539","missouri,reynolds",530.5
"1540","missouri,ripley",580.7
"1541","missouri,st charles",NA
"1542","missouri,st clair",NA
"1543","missouri,st francois",NA
"1544","missouri,st louis",NA
"1545","missouri,st louis city",NA
"1546","missouri,ste genevieve",NA
"1547","missouri,saline",462.5
"1548","missouri,schuyler",462.1
"1549","missouri,scotland",463.1
"1550","missouri,scott",514.9
"1551","missouri,shannon",520.9
"1552","missouri,shelby",540.8
"1553","missouri,stoddard",569.1
"1554","missouri,stone",535
"1555","missouri,sullivan",542.8
"1556","missouri,taney",636.7
"1557","missouri,texas",517.6
"1558","missouri,vernon",525.7
"1559","missouri,warren",446.2
"1560","missouri,washington",728.3
"1561","missouri,wayne",511.7
"1562","missouri,webster",525.1
"1563","missouri,worth",453.4
"1564","missouri,wright",692.5
"1565","montana,beaverhead",357.7
"1566","montana,big horn",444.9
"1567","montana,blaine",457.9
"1568","montana,broadwater",349.8
"1569","montana,carbon",332.4
"1570","montana,carter",389.6
"1571","montana,cascade",384
"1572","montana,chouteau",419
"1573","montana,custer",387.9
"1574","montana,daniels",451.7
"1575","montana,dawson",384.9
"1576","montana,deer lodge",454.4
"1577","montana,fallon",366.2
"1578","montana,fergus",462.2
"1579","montana,flathead",384.4
"1580","montana,gallatin",332.6
"1581","montana,garfield",398
"1582","montana,glacier",488.3
"1583","montana,golden valley",433.8
"1584","montana,granite",372.1
"1585","montana,hill",458.8
"1586","montana,jefferson",369.2
"1587","montana,judith basin",400.8
"1588","montana,lake",388.5
"1589","montana,lewis and clark",362.6
"1590","montana,liberty",399.7
"1591","montana,lincoln",386.5
"1592","montana,mccone",444.1
"1593","montana,madison",312.7
"1594","montana,meagher",357.4
"1595","montana,mineral",403.5
"1596","montana,missoula",385.2
"1597","montana,musselshell",439.6
"1598","montana,park",332.7
"1599","montana,petroleum",444.3
"1600","montana,phillips",453.9
"1601","montana,pondera",393.3
"1602","montana,powder river",406.3
"1603","montana,powell",399.1
"1604","montana,prairie",370.4
"1605","montana,ravalli",357.3
"1606","montana,richland",395
"1607","montana,roosevelt",584.8
"1608","montana,rosebud",431.8
"1609","montana,sanders",399.3
"1610","montana,sheridan",361.8
"1611","montana,silver bow",521.4
"1612","montana,stillwater",386.5
"1613","montana,sweet grass",341.3
"1614","montana,teton",379.1
"1615","montana,toole",461.9
"1616","montana,treasure",436.6
"1617","montana,valley",469.7
"1618","montana,wheatland",469.4
"1619","montana,wibaux",396.9
"1620","montana,yellowstone",433.2
"1621","montana,yellowstone national",NA
"1622","nebraska,adams",407.6
"1623","nebraska,antelope",420.6
"1624","nebraska,arthur",507.8
"1625","nebraska,banner",363.1
"1626","nebraska,blaine",389.5
"1627","nebraska,boone",427.2
"1628","nebraska,box butte",392.2
"1629","nebraska,boyd",554.1
"1630","nebraska,brown",419.7
"1631","nebraska,buffalo",387.6
"1632","nebraska,burt",380.6
"1633","nebraska,butler",372.2
"1634","nebraska,cass",355.4
"1635","nebraska,cedar",389.6
"1636","nebraska,chase",342.1
"1637","nebraska,cherry",288.9
"1638","nebraska,cheyenne",421.3
"1639","nebraska,clay",430.2
"1640","nebraska,colfax",371.9
"1641","nebraska,cuming",360.6
"1642","nebraska,custer",375.5
"1643","nebraska,dakota",358.6
"1644","nebraska,dawes",464.1
"1645","nebraska,dawson",363.6
"1646","nebraska,deuel",369.7
"1647","nebraska,dixon",404.7
"1648","nebraska,dodge",365.1
"1649","nebraska,douglas",365.9
"1650","nebraska,dundy",383.2
"1651","nebraska,fillmore",409.5
"1652","nebraska,franklin",412.4
"1653","nebraska,frontier",369.8
"1654","nebraska,furnas",393.5
"1655","nebraska,gage",375.7
"1656","nebraska,garden",410.6
"1657","nebraska,garfield",431.1
"1658","nebraska,gosper",378.8
"1659","nebraska,grant",441.8
"1660","nebraska,greeley",406.2
"1661","nebraska,hall",396.2
"1662","nebraska,hamilton",386.1
"1663","nebraska,harlan",395
"1664","nebraska,hayes",362.4
"1665","nebraska,hitchcock",396.1
"1666","nebraska,holt",447.1
"1667","nebraska,hooker",477.6
"1668","nebraska,howard",378.6
"1669","nebraska,jefferson",436
"1670","nebraska,johnson",395.9
"1671","nebraska,kearney",380.4
"1672","nebraska,keith",344.7
"1673","nebraska,keya paha",375.2
"1674","nebraska,kimball",360.7
"1675","nebraska,knox",386.7
"1676","nebraska,lancaster",361.8
"1677","nebraska,lincoln",360.8
"1678","nebraska,logan",372.7
"1679","nebraska,loup",473
"1680","nebraska,mcpherson",353.8
"1681","nebraska,madison",415.7
"1682","nebraska,merrick",390.8
"1683","nebraska,morrill",381.2
"1684","nebraska,nance",428.4
"1685","nebraska,nemaha",433.5
"1686","nebraska,nuckolls",425.6
"1687","nebraska,otoe",373.4
"1688","nebraska,pawnee",398.1
"1689","nebraska,perkins",356.6
"1690","nebraska,phelps",362.1
"1691","nebraska,pierce",380.6
"1692","nebraska,platte",403.7
"1693","nebraska,polk",403.7
"1694","nebraska,red willow",402.2
"1695","nebraska,richardson",429.3
"1696","nebraska,rock",598.9
"1697","nebraska,saline",428.5
"1698","nebraska,sarpy",341.6
"1699","nebraska,saunders",363.1
"1700","nebraska,scotts bluff",366.1
"1701","nebraska,seward",403.1
"1702","nebraska,sheridan",370.5
"1703","nebraska,sherman",363.5
"1704","nebraska,sioux",334.2
"1705","nebraska,stanton",383.3
"1706","nebraska,thayer",451.9
"1707","nebraska,thomas",319.6
"1708","nebraska,thurston",493.6
"1709","nebraska,valley",410.3
"1710","nebraska,washington",370.1
"1711","nebraska,wayne",371.6
"1712","nebraska,webster",418.8
"1713","nebraska,wheeler",429.8
"1714","nebraska,york",449.7
"1715","nevada,carson city",510.7
"1716","nevada,churchill",507.9
"1717","nevada,clark",492.3
"1718","nevada,douglas",334.4
"1719","nevada,elko",383.3
"1720","nevada,esmeralda",377
"1721","nevada,eureka",472.8
"1722","nevada,humboldt",466
"1723","nevada,lander",476.9
"1724","nevada,lincoln",433.5
"1725","nevada,lyon",495.1
"1726","nevada,mineral",492.1
"1727","nevada,nye",575.7
"1728","nevada,pershing",486.3
"1729","nevada,storey",467.4
"1730","nevada,washoe",487.4
"1731","nevada,white pine",413.5
"1732","new hampshire,belknap",403.3
"1733","new hampshire,carroll",350
"1734","new hampshire,cheshire",371.5
"1735","new hampshire,coos",NA
"1736","new hampshire,grafton",356.5
"1737","new hampshire,hillsborough",367.5
"1738","new hampshire,merrimack",368.6
"1739","new hampshire,rockingham",357.3
"1740","new hampshire,strafford",380.1
"1741","new hampshire,sullivan",369.8
"1742","new jersey,atlantic",487.9
"1743","new jersey,bergen",330.1
"1744","new jersey,burlington",421.5
"1745","new jersey,camden",453.8
"1746","new jersey,cape may",508.7
"1747","new jersey,cumberland",535.8
"1748","new jersey,essex",409.8
"1749","new jersey,gloucester",474.3
"1750","new jersey,hudson",369.2
"1751","new jersey,hunterdon",324.1
"1752","new jersey,mercer",382.7
"1753","new jersey,middlesex",372.8
"1754","new jersey,monmouth",390.2
"1755","new jersey,morris",350.5
"1756","new jersey,ocean",464.8
"1757","new jersey,passaic",389.4
"1758","new jersey,salem",524.4
"1759","new jersey,somerset",339
"1760","new jersey,sussex",414.2
"1761","new jersey,union",369.4
"1762","new jersey,warren",424.8
"1763","new mexico,bernalillo",380.8
"1764","new mexico,catron",384.6
"1765","new mexico,chaves",563.5
"1766","new mexico,colfax",322.3
"1767","new mexico,curry",457.3
"1768","new mexico,de baca",473.8
"1769","new mexico,dona ana",NA
"1770","new mexico,eddy",491.7
"1771","new mexico,grant",365.9
"1772","new mexico,guadalupe",430.2
"1773","new mexico,harding",373.8
"1774","new mexico,hidalgo",426.3
"1775","new mexico,lea",547.1
"1776","new mexico,lincoln",374.6
"1777","new mexico,los alamos",298.7
"1778","new mexico,luna",473.8
"1779","new mexico,mckinley",362.4
"1780","new mexico,mora",283.7
"1781","new mexico,otero",417.3
"1782","new mexico,quay",457
"1783","new mexico,rio arriba",330.5
"1784","new mexico,roosevelt",467.4
"1785","new mexico,sandoval",349.4
"1786","new mexico,san juan",354.9
"1787","new mexico,san miguel",378.2
"1788","new mexico,santa fe",277.1
"1789","new mexico,sierra",521
"1790","new mexico,socorro",438
"1791","new mexico,taos",279.1
"1792","new mexico,torrance",386
"1793","new mexico,union",410.2
"1794","new mexico,cibola",379.4
"1795","new york,albany",414.4
"1796","new york,allegany",432.8
"1797","new york,bronx",472.2
"1798","new york,broome",423.8
"1799","new york,cattaraugus",521.5
"1800","new york,cayuga",418.8
"1801","new york,chautauqua",502.5
"1802","new york,chemung",488.4
"1803","new york,chenango",558.3
"1804","new york,clinton",394.6
"1805","new york,columbia",415
"1806","new york,cortland",402.2
"1807","new york,delaware",467.7
"1808","new york,dutchess",415.6
"1809","new york,erie",446
"1810","new york,essex",346
"1811","new york,franklin",426.7
"1812","new york,fulton",469.8
"1813","new york,genesee",414.3
"1814","new york,greene",437.3
"1815","new york,hamilton",413.1
"1816","new york,herkimer",452.3
"1817","new york,jefferson",463.8
"1818","new york,kings",442.1
"1819","new york,lewis",458.1
"1820","new york,livingston",348.9
"1821","new york,madison",355.1
"1822","new york,monroe",355.5
"1823","new york,montgomery",477.2
"1824","new york,nassau",429.9
"1825","new york,new york",330.8
"1826","new york,niagara",503.7
"1827","new york,oneida",454.2
"1828","new york,onondaga",392.7
"1829","new york,ontario",358.7
"1830","new york,orange",398.3
"1831","new york,orleans",458.1
"1832","new york,oswego",463.2
"1833","new york,otsego",425.9
"1834","new york,putnam",365.4
"1835","new york,queens",413.4
"1836","new york,rensselaer",435.6
"1837","new york,richmond",514.9
"1838","new york,rockland",348.6
"1839","new york,st lawrence",NA
"1840","new york,saratoga",388.5
"1841","new york,schenectady",446.1
"1842","new york,schoharie",421.4
"1843","new york,schuyler",467
"1844","new york,seneca",396.6
"1845","new york,steuben",438
"1846","new york,suffolk",423.1
"1847","new york,sullivan",412.3
"1848","new york,tioga",407.4
"1849","new york,tompkins",362.6
"1850","new york,ulster",402.5
"1851","new york,warren",384.1
"1852","new york,washington",408.1
"1853","new york,wayne",369.5
"1854","new york,westchester",354.8
"1855","new york,wyoming",454.4
"1856","new york,yates",381.1
"1857","north carolina,alamance",403.3
"1858","north carolina,alexander",400.8
"1859","north carolina,alleghany",386.8
"1860","north carolina,anson",575.1
"1861","north carolina,ashe",362.1
"1862","north carolina,avery",435.2
"1863","north carolina,beaufort",461.9
"1864","north carolina,bertie",485.1
"1865","north carolina,bladen",528.8
"1866","north carolina,brunswick",388.9
"1867","north carolina,buncombe",377.1
"1868","north carolina,burke",443.3
"1869","north carolina,cabarrus",397
"1870","north carolina,caldwell",476
"1871","north carolina,camden",474
"1872","north carolina,carteret",430.4
"1873","north carolina,caswell",393.8
"1874","north carolina,catawba",423
"1875","north carolina,chatham",287.4
"1876","north carolina,cherokee",456
"1877","north carolina,chowan",495.5
"1878","north carolina,clay",421.1
"1879","north carolina,cleveland",498.3
"1880","north carolina,columbus",622.4
"1881","north carolina,craven",427.2
"1882","north carolina,cumberland",457.2
"1883","north carolina,currituck:knotts",NA
"1884","north carolina,currituck:main",NA
"1885","north carolina,currituck:spit",NA
"1886","north carolina,dare",424.5
"1887","north carolina,davidson",447
"1888","north carolina,davie",405.7
"1889","north carolina,duplin",465.4
"1890","north carolina,durham",333.3
"1891","north carolina,edgecombe",604.2
"1892","north carolina,forsyth",404.1
"1893","north carolina,franklin",435.4
"1894","north carolina,gaston",465.9
"1895","north carolina,gates",427.4
"1896","north carolina,graham",420.7
"1897","north carolina,granville",378.7
"1898","north carolina,greene",513.5
"1899","north carolina,guilford",375.2
"1900","north carolina,halifax",498.1
"1901","north carolina,harnett",479.1
"1902","north carolina,haywood",423.5
"1903","north carolina,henderson",353.8
"1904","north carolina,hertford",449.5
"1905","north carolina,hoke",479.7
"1906","north carolina,hyde",462.4
"1907","north carolina,iredell",409.6
"1908","north carolina,jackson",394.6
"1909","north carolina,johnston",440.9
"1910","north carolina,jones",460
"1911","north carolina,lee",386.8
"1912","north carolina,lenoir",586.2
"1913","north carolina,lincoln",424.5
"1914","north carolina,mcdowell",449.8
"1915","north carolina,macon",393.9
"1916","north carolina,madison",460.9
"1917","north carolina,martin",550.7
"1918","north carolina,mecklenburg",340.7
"1919","north carolina,mitchell",459
"1920","north carolina,montgomery",423.5
"1921","north carolina,moore",355.6
"1922","north carolina,nash",490.4
"1923","north carolina,new hanover",389.6
"1924","north carolina,northampton",475.3
"1925","north carolina,onslow",453.8
"1926","north carolina,orange",282.7
"1927","north carolina,pamlico",434
"1928","north carolina,pasquotank",564.6
"1929","north carolina,pender",445.3
"1930","north carolina,perquimans",521
"1931","north carolina,person",399.4
"1932","north carolina,pitt",443.4
"1933","north carolina,polk",397.3
"1934","north carolina,randolph",470.2
"1935","north carolina,richmond",636.9
"1936","north carolina,robeson",552.6
"1937","north carolina,rockingham",454.3
"1938","north carolina,rowan",477.4
"1939","north carolina,rutherford",508.5
"1940","north carolina,sampson",483
"1941","north carolina,scotland",499.6
"1942","north carolina,stanly",530.2
"1943","north carolina,stokes",452.6
"1944","north carolina,surry",445
"1945","north carolina,swain",469.5
"1946","north carolina,transylvania",330
"1947","north carolina,tyrrell",492.4
"1948","north carolina,union",353.1
"1949","north carolina,vance",481
"1950","north carolina,wake",339.4
"1951","north carolina,warren",492.8
"1952","north carolina,washington",491.2
"1953","north carolina,watauga",326.7
"1954","north carolina,wayne",529.8
"1955","north carolina,wilkes",402.4
"1956","north carolina,wilson",451.5
"1957","north carolina,yadkin",417.8
"1958","north carolina,yancey",409.5
"1959","north dakota,adams",374.9
"1960","north dakota,barnes",350.4
"1961","north dakota,benson",432.1
"1962","north dakota,billings",364.6
"1963","north dakota,bottineau",463
"1964","north dakota,bowman",369.7
"1965","north dakota,burke",355.1
"1966","north dakota,burleigh",343.2
"1967","north dakota,cass",313.4
"1968","north dakota,cavalier",364.4
"1969","north dakota,dickey",384.6
"1970","north dakota,divide",388.4
"1971","north dakota,dunn",393
"1972","north dakota,eddy",456
"1973","north dakota,emmons",389.8
"1974","north dakota,foster",427.9
"1975","north dakota,golden valley",398.5
"1976","north dakota,grand forks",384.8
"1977","north dakota,grant",374.1
"1978","north dakota,griggs",419.4
"1979","north dakota,hettinger",336.5
"1980","north dakota,kidder",358.6
"1981","north dakota,la moure",NA
"1982","north dakota,logan",398.5
"1983","north dakota,mchenry",368
"1984","north dakota,mcintosh",357.7
"1985","north dakota,mckenzie",455.1
"1986","north dakota,mclean",342.5
"1987","north dakota,mercer",379.5
"1988","north dakota,morton",457
"1989","north dakota,mountrail",659.9
"1990","north dakota,nelson",414
"1991","north dakota,oliver",342.2
"1992","north dakota,pembina",356.1
"1993","north dakota,pierce",419.2
"1994","north dakota,ramsey",432
"1995","north dakota,ransom",396.7
"1996","north dakota,renville",378.6
"1997","north dakota,richland",362.4
"1998","north dakota,rolette",478.8
"1999","north dakota,sargent",390.4
"2000","north dakota,sheridan",345.5
"2001","north dakota,sioux",649.5
"2002","north dakota,slope",346.4
"2003","north dakota,stark",359.4
"2004","north dakota,steele",342
"2005","north dakota,stutsman",391.8
"2006","north dakota,towner",399.1
"2007","north dakota,traill",345.9
"2008","north dakota,walsh",387.9
"2009","north dakota,ward",324.9
"2010","north dakota,wells",418.1
"2011","north dakota,williams",413.2
"2012","ohio,adams",547.3
"2013","ohio,allen",490.4
"2014","ohio,ashland",486.9
"2015","ohio,ashtabula",514.7
"2016","ohio,athens",444.9
"2017","ohio,auglaize",477.7
"2018","ohio,belmont",539
"2019","ohio,brown",517
"2020","ohio,butler",447
"2021","ohio,carroll",468.2
"2022","ohio,champaign",453.2
"2023","ohio,clark",555.4
"2024","ohio,clermont",443.7
"2025","ohio,clinton",492.6
"2026","ohio,columbiana",521.1
"2027","ohio,coshocton",481.5
"2028","ohio,crawford",523
"2029","ohio,cuyahoga",492.5
"2030","ohio,darke",492
"2031","ohio,defiance",448.1
"2032","ohio,delaware",354
"2033","ohio,erie",471.6
"2034","ohio,fairfield",447.2
"2035","ohio,fayette",628.7
"2036","ohio,franklin",456.6
"2037","ohio,fulton",476.6
"2038","ohio,gallia",629.8
"2039","ohio,geauga",361.4
"2040","ohio,greene",403.3
"2041","ohio,guernsey",536.1
"2042","ohio,hamilton",463.5
"2043","ohio,hancock",450.1
"2044","ohio,hardin",535.4
"2045","ohio,harrison",534.3
"2046","ohio,henry",444.3
"2047","ohio,highland",520.8
"2048","ohio,hocking",476.3
"2049","ohio,holmes",459.5
"2050","ohio,huron",501.8
"2051","ohio,jackson",619
"2052","ohio,jefferson",597
"2053","ohio,knox",471.8
"2054","ohio,lake",455.2
"2055","ohio,lawrence",539.5
"2056","ohio,licking",438.1
"2057","ohio,logan",550.9
"2058","ohio,lorain",411.8
"2059","ohio,lucas",541.7
"2060","ohio,madison",432.2
"2061","ohio,mahoning",541
"2062","ohio,marion",518.7
"2063","ohio,medina",407.8
"2064","ohio,meigs",553.2
"2065","ohio,mercer",595.8
"2066","ohio,miami",512.4
"2067","ohio,monroe",482.1
"2068","ohio,montgomery",477.6
"2069","ohio,morgan",399.5
"2070","ohio,morrow",476.8
"2071","ohio,muskingum",463.4
"2072","ohio,noble",394.7
"2073","ohio,ottawa",508.5
"2074","ohio,paulding",456.1
"2075","ohio,perry",526.3
"2076","ohio,pickaway",506.4
"2077","ohio,pike",527.1
"2078","ohio,portage",507.9
"2079","ohio,preble",575.6
"2080","ohio,putnam",423.1
"2081","ohio,richland",504.2
"2082","ohio,ross",471.1
"2083","ohio,sandusky",495.7
"2084","ohio,scioto",624
"2085","ohio,seneca",540.6
"2086","ohio,shelby",529.2
"2087","ohio,stark",454
"2088","ohio,summit",455.7
"2089","ohio,trumbull",530.5
"2090","ohio,tuscarawas",465.9
"2091","ohio,union",437.7
"2092","ohio,van wert",456.1
"2093","ohio,vinton",486.7
"2094","ohio,warren",420.5
"2095","ohio,washington",394.5
"2096","ohio,wayne",446.2
"2097","ohio,williams",449.8
"2098","ohio,wood",507.6
"2099","ohio,wyandot",481.1
"2100","oklahoma,adair",640.4
"2101","oklahoma,alfalfa",511.1
"2102","oklahoma,atoka",668.5
"2103","oklahoma,beaver",586.9
"2104","oklahoma,beckham",545.9
"2105","oklahoma,blaine",540.5
"2106","oklahoma,bryan",517.7
"2107","oklahoma,caddo",601.7
"2108","oklahoma,canadian",450.6
"2109","oklahoma,carter",587.2
"2110","oklahoma,cherokee",584.6
"2111","oklahoma,choctaw",661.9
"2112","oklahoma,cimarron",528.1
"2113","oklahoma,cleveland",428.8
"2114","oklahoma,coal",716
"2115","oklahoma,comanche",520.1
"2116","oklahoma,cotton",523.2
"2117","oklahoma,craig",680.8
"2118","oklahoma,creek",573.7
"2119","oklahoma,custer",594.3
"2120","oklahoma,delaware",526.8
"2121","oklahoma,dewey",584.9
"2122","oklahoma,ellis",578.2
"2123","oklahoma,garfield",516.7
"2124","oklahoma,garvin",583.5
"2125","oklahoma,grady",546.9
"2126","oklahoma,grant",527.8
"2127","oklahoma,greer",522.8
"2128","oklahoma,harmon",510.1
"2129","oklahoma,harper",537.8
"2130","oklahoma,haskell",698.5
"2131","oklahoma,hughes",749.8
"2132","oklahoma,jackson",503.9
"2133","oklahoma,jefferson",644.6
"2134","oklahoma,johnston",530.6
"2135","oklahoma,kay",564.9
"2136","oklahoma,kingfisher",493.6
"2137","oklahoma,kiowa",582.8
"2138","oklahoma,latimer",662.4
"2139","oklahoma,le flore",659
"2140","oklahoma,lincoln",550.9
"2141","oklahoma,logan",455.3
"2142","oklahoma,love",448
"2143","oklahoma,mcclain",552.7
"2144","oklahoma,mccurtain",659.8
"2145","oklahoma,mcintosh",720.1
"2146","oklahoma,major",525.3
"2147","oklahoma,marshall",463.6
"2148","oklahoma,mayes",594.3
"2149","oklahoma,murray",588.4
"2150","oklahoma,muskogee",793.8
"2151","oklahoma,noble",542.8
"2152","oklahoma,nowata",581
"2153","oklahoma,okfuskee",662
"2154","oklahoma,oklahoma",522
"2155","oklahoma,okmulgee",683.2
"2156","oklahoma,osage",501.8
"2157","oklahoma,ottawa",720.4
"2158","oklahoma,pawnee",591.1
"2159","oklahoma,payne",489.8
"2160","oklahoma,pittsburg",679.5
"2161","oklahoma,pontotoc",600.3
"2162","oklahoma,pottawatomie",664.4
"2163","oklahoma,pushmataha",669.4
"2164","oklahoma,roger mills",527.8
"2165","oklahoma,rogers",570
"2166","oklahoma,seminole",729
"2167","oklahoma,sequoyah",652.4
"2168","oklahoma,stephens",594.5
"2169","oklahoma,texas",660.3
"2170","oklahoma,tillman",516.3
"2171","oklahoma,tulsa",577.3
"2172","oklahoma,wagoner",504
"2173","oklahoma,washington",594.3
"2174","oklahoma,washita",598.5
"2175","oklahoma,woods",518.2
"2176","oklahoma,woodward",555.1
"2177","oregon,baker",396
"2178","oregon,benton",309
"2179","oregon,clackamas",337.7
"2180","oregon,clatsop",395.5
"2181","oregon,columbia",400.5
"2182","oregon,coos",457.9
"2183","oregon,crook",436.3
"2184","oregon,curry",423.9
"2185","oregon,deschutes",342
"2186","oregon,douglas",389.2
"2187","oregon,gilliam",366.6
"2188","oregon,grant",383.1
"2189","oregon,harney",416.8
"2190","oregon,hood river",401.1
"2191","oregon,jackson",341.7
"2192","oregon,jefferson",390.3
"2193","oregon,josephine",373.9
"2194","oregon,klamath",429.6
"2195","oregon,lake",403.9
"2196","oregon,lane",356.6
"2197","oregon,lincoln",360.5
"2198","oregon,linn",423.8
"2199","oregon,malheur",452.7
"2200","oregon,marion",369.8
"2201","oregon,morrow",363
"2202","oregon,multnomah",385.1
"2203","oregon,polk",329.5
"2204","oregon,sherman",414.1
"2205","oregon,tillamook",364.6
"2206","oregon,umatilla",370.7
"2207","oregon,union",374.7
"2208","oregon,wallowa",388
"2209","oregon,wasco",418.5
"2210","oregon,washington",313.9
"2211","oregon,wheeler",423.2
"2212","oregon,yamhill",378.5
"2213","pennsylvania,adams",420.9
"2214","pennsylvania,allegheny",451.8
"2215","pennsylvania,armstrong",450.7
"2216","pennsylvania,beaver",470.7
"2217","pennsylvania,bedford",482.6
"2218","pennsylvania,berks",451.3
"2219","pennsylvania,blair",469.5
"2220","pennsylvania,bradford",432.8
"2221","pennsylvania,bucks",355
"2222","pennsylvania,butler",431.2
"2223","pennsylvania,cambria",467.3
"2224","pennsylvania,cameron",453.3
"2225","pennsylvania,carbon",458.8
"2226","pennsylvania,centre",382.8
"2227","pennsylvania,chester",371
"2228","pennsylvania,clarion",452.7
"2229","pennsylvania,clearfield",451.2
"2230","pennsylvania,clinton",452.8
"2231","pennsylvania,columbia",447.5
"2232","pennsylvania,crawford",475.8
"2233","pennsylvania,cumberland",430.4
"2234","pennsylvania,dauphin",437.9
"2235","pennsylvania,delaware",423.3
"2236","pennsylvania,elk",448.8
"2237","pennsylvania,erie",414
"2238","pennsylvania,fayette",558.5
"2239","pennsylvania,forest",457.3
"2240","pennsylvania,franklin",405.2
"2241","pennsylvania,fulton",468.3
"2242","pennsylvania,greene",541.9
"2243","pennsylvania,huntingdon",430
"2244","pennsylvania,indiana",443.8
"2245","pennsylvania,jefferson",451.6
"2246","pennsylvania,juniata",419.4
"2247","pennsylvania,lackawanna",509.9
"2248","pennsylvania,lancaster",388.8
"2249","pennsylvania,lawrence",489.4
"2250","pennsylvania,lebanon",444.8
"2251","pennsylvania,lehigh",374.6
"2252","pennsylvania,luzerne",493.2
"2253","pennsylvania,lycoming",411.4
"2254","pennsylvania,mckean",484.9
"2255","pennsylvania,mercer",486.1
"2256","pennsylvania,mifflin",396
"2257","pennsylvania,monroe",420
"2258","pennsylvania,montgomery",390.1
"2259","pennsylvania,montour",403
"2260","pennsylvania,northampton",373.1
"2261","pennsylvania,northumberland",474.6
"2262","pennsylvania,perry",427.1
"2263","pennsylvania,philadelphia",513.4
"2264","pennsylvania,pike",407.3
"2265","pennsylvania,potter",428.2
"2266","pennsylvania,schuylkill",574.4
"2267","pennsylvania,snyder",379.2
"2268","pennsylvania,somerset",466.9
"2269","pennsylvania,sullivan",459.9
"2270","pennsylvania,susquehanna",438.7
"2271","pennsylvania,tioga",439.2
"2272","pennsylvania,union",373.6
"2273","pennsylvania,venango",459.9
"2274","pennsylvania,warren",429
"2275","pennsylvania,washington",423.2
"2276","pennsylvania,wayne",464
"2277","pennsylvania,westmoreland",436.3
"2278","pennsylvania,wyoming",498.8
"2279","pennsylvania,york",394.9
"2280","rhode island,bristol",376.8
"2281","rhode island,kent",388.9
"2282","rhode island,newport",326.6
"2283","rhode island,providence",403.8
"2284","rhode island,washington",346.8
"2285","south carolina,abbeville",443.5
"2286","south carolina,aiken",425.8
"2287","south carolina,allendale",622.6
"2288","south carolina,anderson",452
"2289","south carolina,bamberg",583.4
"2290","south carolina,barnwell",513.9
"2291","south carolina,beaufort",256.9
"2292","south carolina,berkeley",390.5
"2293","south carolina,calhoun",430.5
"2294","south carolina,charleston",373.2
"2295","south carolina,cherokee",583.8
"2296","south carolina,chester",566.7
"2297","south carolina,chesterfield",597
"2298","south carolina,clarendon",508.1
"2299","south carolina,colleton",642.4
"2300","south carolina,darlington",704.2
"2301","south carolina,dillon",616.6
"2302","south carolina,dorchester",425.1
"2303","south carolina,edgefield",447.8
"2304","south carolina,fairfield",504.9
"2305","south carolina,florence",591.1
"2306","south carolina,georgetown",483.6
"2307","south carolina,greenville",403.7
"2308","south carolina,greenwood",451.8
"2309","south carolina,hampton",561
"2310","south carolina,horry",451.8
"2311","south carolina,jasper",392.2
"2312","south carolina,kershaw",427.3
"2313","south carolina,lancaster",411.2
"2314","south carolina,laurens",493
"2315","south carolina,lee",716.5
"2316","south carolina,lexington",409.6
"2317","south carolina,mccormick",391.7
"2318","south carolina,marion",706.6
"2319","south carolina,marlboro",733.1
"2320","south carolina,newberry",452.4
"2321","south carolina,oconee",453.6
"2322","south carolina,orangeburg",450.6
"2323","south carolina,pickens",488.6
"2324","south carolina,richland",446.1
"2325","south carolina,saluda",428
"2326","south carolina,spartanburg",474.9
"2327","south carolina,sumter",480.5
"2328","south carolina,union",599.1
"2329","south carolina,williamsburg",514.6
"2330","south carolina,york",416.4
"2331","south dakota,aurora",428.5
"2332","south dakota,beadle",395
"2333","south dakota,bennett",533.5
"2334","south dakota,bon homme",398.6
"2335","south dakota,brookings",406
"2336","south dakota,brown",384.7
"2337","south dakota,brule",460.6
"2338","south dakota,buffalo",478.2
"2339","south dakota,butte",363.9
"2340","south dakota,campbell",339.5
"2341","south dakota,charles mix",435.2
"2342","south dakota,clark",369.4
"2343","south dakota,clay",470
"2344","south dakota,codington",384
"2345","south dakota,corson",678.1
"2346","south dakota,custer",373.2
"2347","south dakota,davison",426.8
"2348","south dakota,day",392.4
"2349","south dakota,deuel",373.5
"2350","south dakota,dewey",398.4
"2351","south dakota,douglas",420.5
"2352","south dakota,edmunds",378.9
"2353","south dakota,fall river",521.7
"2354","south dakota,faulk",393.3
"2355","south dakota,grant",393.2
"2356","south dakota,gregory",474.5
"2357","south dakota,haakon",371.2
"2358","south dakota,hamlin",372.9
"2359","south dakota,hand",429.8
"2360","south dakota,hanson",457.6
"2361","south dakota,harding",415
"2362","south dakota,hughes",393.5
"2363","south dakota,hutchinson",433.7
"2364","south dakota,hyde",424
"2365","south dakota,jackson",525
"2366","south dakota,jerauld",405.2
"2367","south dakota,jones",389.5
"2368","south dakota,kingsbury",382.3
"2369","south dakota,lake",413.6
"2370","south dakota,lawrence",374.5
"2371","south dakota,lincoln",288.5
"2372","south dakota,lyman",436.1
"2373","south dakota,mccook",419.5
"2374","south dakota,mcpherson",375.4
"2375","south dakota,marshall",386.7
"2376","south dakota,meade",367.7
"2377","south dakota,mellette",517.6
"2378","south dakota,miner",403.8
"2379","south dakota,minnehaha",408.9
"2380","south dakota,moody",410.8
"2381","south dakota,pennington",383.4
"2382","south dakota,perkins",413.5
"2383","south dakota,potter",352.5
"2384","south dakota,roberts",402.1
"2385","south dakota,sanborn",404
"2386","south dakota,shannon",NA
"2387","south dakota,spink",387.2
"2388","south dakota,stanley",320.5
"2389","south dakota,sully",338
"2390","south dakota,todd",521.1
"2391","south dakota,tripp",451.4
"2392","south dakota,turner",448.8
"2393","south dakota,union",320
"2394","south dakota,walworth",352.2
"2395","south dakota,yankton",407.1
"2396","south dakota,ziebach",334.5
"2397","tennessee,anderson",478.5
"2398","tennessee,bedford",610.7
"2399","tennessee,benton",639.8
"2400","tennessee,bledsoe",487.1
"2401","tennessee,blount",372.2
"2402","tennessee,bradley",562.5
"2403","tennessee,campbell",646.3
"2404","tennessee,cannon",529
"2405","tennessee,carroll",754.5
"2406","tennessee,carter",485.9
"2407","tennessee,cheatham",546.4
"2408","tennessee,chester",563.8
"2409","tennessee,claiborne",644.3
"2410","tennessee,clay",579.3
"2411","tennessee,cocke",802.4
"2412","tennessee,coffee",651.5
"2413","tennessee,crockett",733.7
"2414","tennessee,cumberland",442.9
"2415","tennessee,davidson",478.5
"2416","tennessee,decatur",632.7
"2417","tennessee,de kalb",NA
"2418","tennessee,dickson",617.8
"2419","tennessee,dyer",741.4
"2420","tennessee,fayette",505.7
"2421","tennessee,fentress",518.2
"2422","tennessee,franklin",558.3
"2423","tennessee,gibson",677.7
"2424","tennessee,giles",556.5
"2425","tennessee,grainger",495.9
"2426","tennessee,greene",548.1
"2427","tennessee,grundy",640.8
"2428","tennessee,hamblen",482.1
"2429","tennessee,hamilton",482.6
"2430","tennessee,hancock",560.7
"2431","tennessee,hardeman",621.4
"2432","tennessee,hardin",684.5
"2433","tennessee,hawkins",510.8
"2434","tennessee,haywood",652.8
"2435","tennessee,henderson",571.2
"2436","tennessee,henry",678
"2437","tennessee,hickman",475.1
"2438","tennessee,houston",629.3
"2439","tennessee,humphreys",645.1
"2440","tennessee,jackson",531.7
"2441","tennessee,jefferson",503.7
"2442","tennessee,johnson",455
"2443","tennessee,knox",437.1
"2444","tennessee,lake",680.1
"2445","tennessee,lauderdale",687.3
"2446","tennessee,lawrence",558.5
"2447","tennessee,lewis",531.2
"2448","tennessee,lincoln",641.4
"2449","tennessee,loudon",381.1
"2450","tennessee,mcminn",582.2
"2451","tennessee,mcnairy",684.9
"2452","tennessee,macon",564
"2453","tennessee,madison",539
"2454","tennessee,marion",603.5
"2455","tennessee,marshall",592.3
"2456","tennessee,maury",463.3
"2457","tennessee,meigs",558.2
"2458","tennessee,monroe",457.2
"2459","tennessee,montgomery",503.4
"2460","tennessee,moore",571.4
"2461","tennessee,morgan",495.4
"2462","tennessee,obion",586.8
"2463","tennessee,overton",525.5
"2464","tennessee,perry",653.4
"2465","tennessee,pickett",541.2
"2466","tennessee,polk",580.9
"2467","tennessee,putnam",513.3
"2468","tennessee,rhea",572.7
"2469","tennessee,roane",501.1
"2470","tennessee,robertson",552.3
"2471","tennessee,rutherford",442.9
"2472","tennessee,scott",512.7
"2473","tennessee,sequatchie",491.1
"2474","tennessee,sevier",468.3
"2475","tennessee,shelby",508.4
"2476","tennessee,smith",520.2
"2477","tennessee,stewart",536.6
"2478","tennessee,sullivan",494.5
"2479","tennessee,sumner",442.9
"2480","tennessee,tipton",565.9
"2481","tennessee,trousdale",503.9
"2482","tennessee,unicoi",507.7
"2483","tennessee,union",508.3
"2484","tennessee,van buren",544.2
"2485","tennessee,warren",589.8
"2486","tennessee,washington",472
"2487","tennessee,wayne",579.2
"2488","tennessee,weakley",500.8
"2489","tennessee,white",541.2
"2490","tennessee,williamson",357.1
"2491","tennessee,wilson",413.6
"2492","texas,anderson",666.4
"2493","texas,andrews",535.8
"2494","texas,angelina",593.7
"2495","texas,aransas",454.7
"2496","texas,archer",477.4
"2497","texas,armstrong",526.6
"2498","texas,atascosa",454.6
"2499","texas,austin",449.9
"2500","texas,bailey",454.1
"2501","texas,bandera",408.2
"2502","texas,bastrop",435.4
"2503","texas,baylor",524.6
"2504","texas,bee",531.6
"2505","texas,bell",400.8
"2506","texas,bexar",438.7
"2507","texas,blanco",358
"2508","texas,borden",466.2
"2509","texas,bosque",498.5
"2510","texas,bowie",626.8
"2511","texas,brazoria",445.5
"2512","texas,brazos",401.5
"2513","texas,brewster",330
"2514","texas,briscoe",439.3
"2515","texas,brooks",469.1
"2516","texas,brown",506
"2517","texas,burleson",698.6
"2518","texas,burnet",374.7
"2519","texas,caldwell",436.5
"2520","texas,calhoun",461.1
"2521","texas,callahan",522.8
"2522","texas,cameron",374.3
"2523","texas,camp",543.4
"2524","texas,carson",500.5
"2525","texas,cass",606.8
"2526","texas,castro",465
"2527","texas,chambers",504.4
"2528","texas,cherokee",590.6
"2529","texas,childress",524.8
"2530","texas,clay",478.8
"2531","texas,cochran",460.2
"2532","texas,coke",450.6
"2533","texas,coleman",522.1
"2534","texas,collin",325.4
"2535","texas,collingsworth",556.6
"2536","texas,colorado",505.1
"2537","texas,comal",408.3
"2538","texas,comanche",496.7
"2539","texas,concho",442.8
"2540","texas,cooke",441.7
"2541","texas,coryell",478.5
"2542","texas,cottle",455.4
"2543","texas,crane",473.6
"2544","texas,crockett",553.1
"2545","texas,crosby",519.9
"2546","texas,culberson",433.6
"2547","texas,dallam",462.2
"2548","texas,dallas",440.1
"2549","texas,dawson",459.1
"2550","texas,deaf smith",452.9
"2551","texas,delta",587.9
"2552","texas,denton",335.6
"2553","texas,de witt",NA
"2554","texas,dickens",484.3
"2555","texas,dimmit",401.3
"2556","texas,donley",543.7
"2557","texas,duval",486.2
"2558","texas,eastland",514.8
"2559","texas,ector",520.6
"2560","texas,edwards",424.6
"2561","texas,ellis",468
"2562","texas,el paso",367
"2563","texas,erath",490
"2564","texas,falls",501.5
"2565","texas,fannin",629
"2566","texas,fayette",479.4
"2567","texas,fisher",506
"2568","texas,floyd",499.8
"2569","texas,foard",502.3
"2570","texas,fort bend",327.2
"2571","texas,franklin",553.7
"2572","texas,freestone",497.8
"2573","texas,frio",506.2
"2574","texas,gaines",454.4
"2575","texas,galveston:main",NA
"2576","texas,galveston:spit",NA
"2577","texas,garza",499
"2578","texas,gillespie",371
"2579","texas,glasscock",419.8
"2580","texas,goliad",469.1
"2581","texas,gonzales",438.3
"2582","texas,gray",562.5
"2583","texas,grayson",477.7
"2584","texas,gregg",546.5
"2585","texas,grimes",462.4
"2586","texas,guadalupe",393.1
"2587","texas,hale",522.7
"2588","texas,hall",512.2
"2589","texas,hamilton",467.6
"2590","texas,hansford",507.1
"2591","texas,hardeman",503.4
"2592","texas,hardin",569.7
"2593","texas,harris",417.2
"2594","texas,harrison",513.2
"2595","texas,hartley",495.1
"2596","texas,haskell",494.4
"2597","texas,hays",351.2
"2598","texas,hemphill",551.7
"2599","texas,henderson",614.6
"2600","texas,hidalgo",349.3
"2601","texas,hill",488.4
"2602","texas,hockley",455.7
"2603","texas,hood",400.3
"2604","texas,hopkins",573.6
"2605","texas,houston",547.8
"2606","texas,howard",710.7
"2607","texas,hudspeth",368.1
"2608","texas,hunt",560.6
"2609","texas,hutchinson",656.7
"2610","texas,irion",442.8
"2611","texas,jack",589.3
"2612","texas,jackson",533.4
"2613","texas,jasper",599.6
"2614","texas,jeff davis",325.9
"2615","texas,jefferson",586.5
"2616","texas,jim hogg",402.1
"2617","texas,jim wells",602.5
"2618","texas,johnson",500
"2619","texas,jones",521.5
"2620","texas,karnes",524.9
"2621","texas,kaufman",557.3
"2622","texas,kendall",412
"2623","texas,kenedy",380.9
"2624","texas,kent",473.4
"2625","texas,kerr",397.8
"2626","texas,kimble",424.7
"2627","texas,king",473.1
"2628","texas,kinney",417.3
"2629","texas,kleberg",589.5
"2630","texas,knox",493.4
"2631","texas,lamar",595.3
"2632","texas,lamb",502.4
"2633","texas,lampasas",399.7
"2634","texas,la salle",464.5
"2635","texas,lavaca",457.5
"2636","texas,lee",482.6
"2637","texas,leon",433.1
"2638","texas,liberty",639.3
"2639","texas,limestone",510.1
"2640","texas,lipscomb",574.1
"2641","texas,live oak",453.3
"2642","texas,llano",373.6
"2643","texas,loving",524.2
"2644","texas,lubbock",506.7
"2645","texas,lynn",487.5
"2646","texas,mcculloch",496.6
"2647","texas,mclennan",466.7
"2648","texas,mcmullen",394.1
"2649","texas,madison",513.7
"2650","texas,marion",530.2
"2651","texas,martin",463.6
"2652","texas,mason",377.4
"2653","texas,matagorda",529.3
"2654","texas,maverick",419
"2655","texas,medina",462.7
"2656","texas,menard",436.9
"2657","texas,midland",435.7
"2658","texas,milam",459.8
"2659","texas,mills",442
"2660","texas,mitchell",553.5
"2661","texas,montague",565.5
"2662","texas,montgomery",416.8
"2663","texas,moore",525.3
"2664","texas,morris",597
"2665","texas,motley",447.2
"2666","texas,nacogdoches",476.8
"2667","texas,navarro",539.7
"2668","texas,newton",662.3
"2669","texas,nolan",517.2
"2670","texas,nueces",423.9
"2671","texas,ochiltree",684.4
"2672","texas,oldham",438.4
"2673","texas,orange",664.2
"2674","texas,palo pinto",594.5
"2675","texas,panola",495.7
"2676","texas,parker",433.7
"2677","texas,parmer",458.7
"2678","texas,pecos",410.3
"2679","texas,polk",685.5
"2680","texas,potter",608
"2681","texas,presidio",293.8
"2682","texas,rains",574
"2683","texas,randall",449.7
"2684","texas,reagan",468.7
"2685","texas,real",463.7
"2686","texas,red river",610.5
"2687","texas,reeves",463.9
"2688","texas,refugio",460.1
"2689","texas,roberts",587.4
"2690","texas,robertson",552.6
"2691","texas,rockwall",432.6
"2692","texas,runnels",472.9
"2693","texas,rusk",534.2
"2694","texas,sabine",583
"2695","texas,san augustine",511.5
"2696","texas,san jacinto",494.3
"2697","texas,san patricio",464.4
"2698","texas,san saba",427.5
"2699","texas,schleicher",452.1
"2700","texas,scurry",438.9
"2701","texas,shackelford",490.3
"2702","texas,shelby",518
"2703","texas,sherman",532.9
"2704","texas,smith",544.6
"2705","texas,somervell",412.7
"2706","texas,starr",377.2
"2707","texas,stephens",544.5
"2708","texas,sterling",569.6
"2709","texas,stonewall",466.6
"2710","texas,sutton",437.2
"2711","texas,swisher",466.5
"2712","texas,tarrant",428.1
"2713","texas,taylor",526.4
"2714","texas,terrell",394.6
"2715","texas,terry",595.7
"2716","texas,throckmorton",516.4
"2717","texas,titus",540.9
"2718","texas,tom green",432.2
"2719","texas,travis",319.7
"2720","texas,trinity",627.1
"2721","texas,tyler",597.2
"2722","texas,upshur",544.7
"2723","texas,upton",496.6
"2724","texas,uvalde",432
"2725","texas,val verde",454.6
"2726","texas,van zandt",541.2
"2727","texas,victoria",445.9
"2728","texas,walker",438.6
"2729","texas,waller",436.6
"2730","texas,ward",535.2
"2731","texas,washington",356.2
"2732","texas,webb",379.9
"2733","texas,wharton",518.2
"2734","texas,wheeler",543.5
"2735","texas,wichita",503.8
"2736","texas,wilbarger",504
"2737","texas,willacy",378.4
"2738","texas,williamson",328.5
"2739","texas,wilson",415.6
"2740","texas,winkler",544.4
"2741","texas,wise",515.3
"2742","texas,wood",540.4
"2743","texas,yoakum",443
"2744","texas,young",612.5
"2745","texas,zapata",383.6
"2746","texas,zavala",541.2
"2747","utah,beaver",458.3
"2748","utah,box elder",461.5
"2749","utah,cache",373.7
"2750","utah,carbon",471.3
"2751","utah,daggett",347.4
"2752","utah,davis",405.9
"2753","utah,duchesne",392.3
"2754","utah,emery",510.3
"2755","utah,garfield",411.5
"2756","utah,grand",344.4
"2757","utah,iron",340.9
"2758","utah,juab",386.6
"2759","utah,kane",401
"2760","utah,millard",363.8
"2761","utah,morgan",396.2
"2762","utah,piute",460.1
"2763","utah,rich",367.9
"2764","utah,salt lake",384
"2765","utah,san juan",315.5
"2766","utah,sanpete",381
"2767","utah,sevier",431
"2768","utah,summit",319.8
"2769","utah,tooele",382.6
"2770","utah,uintah",419.6
"2771","utah,utah",390.8
"2772","utah,wasatch",382.9
"2773","utah,washington",294.5
"2774","utah,wayne",409.3
"2775","utah,weber",430.8
"2776","vermont,addison",386.9
"2777","vermont,bennington",413.1
"2778","vermont,caledonia",400.3
"2779","vermont,chittenden",321.7
"2780","vermont,essex",385.7
"2781","vermont,franklin",426.3
"2782","vermont,grand isle",338.8
"2783","vermont,lamoille",358.8
"2784","vermont,orange",389.7
"2785","vermont,orleans",420.1
"2786","vermont,rutland",411
"2787","vermont,washington",383.1
"2788","vermont,windham",382.8
"2789","vermont,windsor",392.2
"2790","virginia,accomack:main",NA
"2791","virginia,accomack:chincoteague",NA
"2792","virginia,albemarle",284.9
"2793","virginia,alleghany",487.3
"2794","virginia,amelia",470.3
"2795","virginia,amherst",453.9
"2796","virginia,appomattox",538.2
"2797","virginia,arlington",262.6
"2798","virginia,augusta",357.7
"2799","virginia,bath",403.7
"2800","virginia,bedford",NA
"2801","virginia,bland",513.1
"2802","virginia,botetourt",413.6
"2803","virginia,brunswick",658.5
"2804","virginia,buchanan",565.1
"2805","virginia,buckingham",397.9
"2806","virginia,campbell",440.7
"2807","virginia,caroline",430.1
"2808","virginia,carroll",397.3
"2809","virginia,charles city",415.6
"2810","virginia,charlotte",499.2
"2811","virginia,chesterfield",388.4
"2812","virginia,clarke",411
"2813","virginia,craig",390.3
"2814","virginia,culpeper",370.3
"2815","virginia,cumberland",367.1
"2816","virginia,dickenson",556.6
"2817","virginia,dinwiddie",446.7
"2818","virginia,essex",456.8
"2819","virginia,fairfax",NA
"2820","virginia,fauquier",347.6
"2821","virginia,floyd",408.9
"2822","virginia,fluvanna",361.8
"2823","virginia,franklin",NA
"2824","virginia,frederick",382.8
"2825","virginia,giles",488.6
"2826","virginia,gloucester",441.7
"2827","virginia,goochland",378.2
"2828","virginia,grayson",369
"2829","virginia,greene",381.8
"2830","virginia,greensville",650
"2831","virginia,halifax",488.7
"2832","virginia,hanover",386.2
"2833","virginia,henrico",398.6
"2834","virginia,henry",457.4
"2835","virginia,highland",362
"2836","virginia,isle of wight",410.9
"2837","virginia,james city",335.4
"2838","virginia,king and queen",462.7
"2839","virginia,king george",360.9
"2840","virginia,king william",448
"2841","virginia,lancaster",444.1
"2842","virginia,lee",522.3
"2843","virginia,loudoun",263
"2844","virginia,louisa",401
"2845","virginia,lunenburg",548.2
"2846","virginia,madison",396.3
"2847","virginia,mathews",432.1
"2848","virginia,mecklenburg",516.7
"2849","virginia,middlesex",464.8
"2850","virginia,montgomery",399.1
"2851","virginia,suffolk",437.8
"2852","virginia,nelson",445.8
"2853","virginia,new kent",389.8
"2854","virginia,northampton",499.2
"2855","virginia,northumberland",444.9
"2856","virginia,nottoway",681
"2857","virginia,orange",411.1
"2858","virginia,page",450.9
"2859","virginia,patrick",475.4
"2860","virginia,pittsylvania",432.6
"2861","virginia,powhatan",372
"2862","virginia,prince edward",503.9
"2863","virginia,prince george",354.2
"2864","virginia,prince william",293.1
"2865","virginia,pulaski",478.6
"2866","virginia,rappahannock",319.5
"2867","virginia,richmond",NA
"2868","virginia,roanoke",NA
"2869","virginia,rockbridge",367.3
"2870","virginia,rockingham",353.4
"2871","virginia,russell",543.5
"2872","virginia,scott",504.3
"2873","virginia,shenandoah",354.3
"2874","virginia,smyth",515.2
"2875","virginia,southampton",463.5
"2876","virginia,spotsylvania",377.5
"2877","virginia,stafford",375.5
"2878","virginia,surry",409
"2879","virginia,sussex",480.4
"2880","virginia,tazewell",532.5
"2881","virginia,warren",445.9
"2882","virginia,washington",422.5
"2883","virginia,westmoreland",433.8
"2884","virginia,wise",557.6
"2885","virginia,wythe",529.6
"2886","virginia,york",312.2
"2887","virginia,hampton",468.7
"2888","virginia,newport news",448.9
"2889","virginia,norfolk",529.3
"2890","virginia,virginia beach",368.6
"2891","washington,adams",393.1
"2892","washington,asotin",414.3
"2893","washington,benton",374.8
"2894","washington,chelan",308.5
"2895","washington,clallam",336.9
"2896","washington,clark",368.6
"2897","washington,columbia",360.3
"2898","washington,cowlitz",437.7
"2899","washington,douglas",339.8
"2900","washington,ferry",398.2
"2901","washington,franklin",354.3
"2902","washington,garfield",394.5
"2903","washington,grant",428
"2904","washington,grays harbor",421.2
"2905","washington,island",350.4
"2906","washington,jefferson",335
"2907","washington,king",311.3
"2908","washington,kitsap",400
"2909","washington,kittitas",353.9
"2910","washington,klickitat",327.4
"2911","washington,lewis",469.1
"2912","washington,lincoln",385.9
"2913","washington,mason",391.6
"2914","washington,okanogan",375.4
"2915","washington,pacific",502.7
"2916","washington,pend oreille",373.7
"2917","washington,pierce:main",NA
"2918","washington,pierce:penrose",NA
"2919","washington,san juan:lopez island",NA
"2920","washington,san juan:orcas island",NA
"2921","washington,san juan:san juan island",NA
"2922","washington,skagit",360.1
"2923","washington,skamania",351.7
"2924","washington,snohomish",349.9
"2925","washington,spokane",371.4
"2926","washington,stevens",376
"2927","washington,thurston",352.2
"2928","washington,wahkiakum",434.5
"2929","washington,walla walla",361.9
"2930","washington,whatcom",336.2
"2931","washington,whitman",388.5
"2932","washington,yakima",459.6
"2933","west virginia,barbour",488.1
"2934","west virginia,berkeley",430
"2935","west virginia,boone",542.3
"2936","west virginia,braxton",411.5
"2937","west virginia,brooke",527.2
"2938","west virginia,cabell",466.1
"2939","west virginia,calhoun",465.8
"2940","west virginia,clay",497.3
"2941","west virginia,doddridge",499.7
"2942","west virginia,fayette",524.9
"2943","west virginia,gilmer",517.5
"2944","west virginia,grant",460.2
"2945","west virginia,greenbrier",448.9
"2946","west virginia,hampshire",407.2
"2947","west virginia,hancock",570.9
"2948","west virginia,hardy",453.8
"2949","west virginia,harrison",559.1
"2950","west virginia,jackson",501.8
"2951","west virginia,jefferson",431.9
"2952","west virginia,kanawha",504.5
"2953","west virginia,lewis",576.6
"2954","west virginia,lincoln",514.8
"2955","west virginia,logan",593.8
"2956","west virginia,mcdowell",579.2
"2957","west virginia,marion",593.5
"2958","west virginia,marshall",475.3
"2959","west virginia,mason",483
"2960","west virginia,mercer",502.9
"2961","west virginia,mineral",477.4
"2962","west virginia,mingo",629.4
"2963","west virginia,monongalia",448.5
"2964","west virginia,monroe",441.4
"2965","west virginia,morgan",406.6
"2966","west virginia,nicholas",492
"2967","west virginia,ohio",469.3
"2968","west virginia,pendleton",368.9
"2969","west virginia,pleasants",473.6
"2970","west virginia,pocahontas",426.1
"2971","west virginia,preston",471.7
"2972","west virginia,putnam",489.3
"2973","west virginia,raleigh",548.3
"2974","west virginia,randolph",463.3
"2975","west virginia,ritchie",492.8
"2976","west virginia,roane",494.9
"2977","west virginia,summers",523.5
"2978","west virginia,taylor",491.8
"2979","west virginia,tucker",471
"2980","west virginia,tyler",428.1
"2981","west virginia,upshur",510.1
"2982","west virginia,wayne",444.9
"2983","west virginia,webster",489.3
"2984","west virginia,wetzel",503.8
"2985","west virginia,wirt",501.9
"2986","west virginia,wood",506.9
"2987","west virginia,wyoming",576.3
"2988","wisconsin,adams",437
"2989","wisconsin,ashland",465.6
"2990","wisconsin,barron",390.4
"2991","wisconsin,bayfield",370.7
"2992","wisconsin,brown",406.9
"2993","wisconsin,buffalo",407.7
"2994","wisconsin,burnett",380.5
"2995","wisconsin,calumet",408
"2996","wisconsin,chippewa",393.4
"2997","wisconsin,clark",386.6
"2998","wisconsin,columbia",399.5
"2999","wisconsin,crawford",372.7
"3000","wisconsin,dane",313.6
"3001","wisconsin,dodge",406.5
"3002","wisconsin,door",398.7
"3003","wisconsin,douglas",378
"3004","wisconsin,dunn",372.3
"3005","wisconsin,eau claire",399.7
"3006","wisconsin,florence",446.3
"3007","wisconsin,fond du lac",380.3
"3008","wisconsin,forest",441.9
"3009","wisconsin,grant",380.5
"3010","wisconsin,green",365.2
"3011","wisconsin,green lake",413.4
"3012","wisconsin,iowa",370.2
"3013","wisconsin,iron",471.3
"3014","wisconsin,jackson",379.8
"3015","wisconsin,jefferson",385.9
"3016","wisconsin,juneau",392.1
"3017","wisconsin,kenosha",461.8
"3018","wisconsin,kewaunee",368.7
"3019","wisconsin,la crosse",343.5
"3020","wisconsin,lafayette",360.5
"3021","wisconsin,langlade",407.3
"3022","wisconsin,lincoln",396.6
"3023","wisconsin,manitowoc",398.7
"3024","wisconsin,marathon",384.7
"3025","wisconsin,marinette",440.6
"3026","wisconsin,marquette",400.9
"3027","wisconsin,milwaukee",467.9
"3028","wisconsin,monroe",391.6
"3029","wisconsin,oconto",421.4
"3030","wisconsin,oneida",420.2
"3031","wisconsin,outagamie",392.6
"3032","wisconsin,ozaukee",355.5
"3033","wisconsin,pepin",383.8
"3034","wisconsin,pierce",365.2
"3035","wisconsin,polk",393.9
"3036","wisconsin,portage",349.8
"3037","wisconsin,price",433.9
"3038","wisconsin,racine",442.8
"3039","wisconsin,richland",401.2
"3040","wisconsin,rock",427.9
"3041","wisconsin,rusk",409.6
"3042","wisconsin,st croix",NA
"3043","wisconsin,sauk",415.1
"3044","wisconsin,sawyer",436.8
"3045","wisconsin,shawano",430.1
"3046","wisconsin,sheboygan",432.3
"3047","wisconsin,taylor",392.6
"3048","wisconsin,trempealeau",430.4
"3049","wisconsin,vernon",404.9
"3050","wisconsin,vilas",456.7
"3051","wisconsin,walworth",404
"3052","wisconsin,washburn",400.9
"3053","wisconsin,washington",370.9
"3054","wisconsin,waukesha",318.8
"3055","wisconsin,waupaca",472.9
"3056","wisconsin,waushara",459.2
"3057","wisconsin,winnebago",349.6
"3058","wisconsin,wood",368.5
"3059","wyoming,albany",345.6
"3060","wyoming,big horn",452.5
"3061","wyoming,campbell",404.3
"3062","wyoming,carbon",410.3
"3063","wyoming,converse",393.9
"3064","wyoming,crook",390.4
"3065","wyoming,fremont",403.1
"3066","wyoming,goshen",354.3
"3067","wyoming,hot springs",399.8
"3068","wyoming,johnson",408.8
"3069","wyoming,laramie",349
"3070","wyoming,lincoln",382.8
"3071","wyoming,natrona",391.9
"3072","wyoming,niobrara",363.4
"3073","wyoming,park",353.7
"3074","wyoming,platte",357.9
"3075","wyoming,sheridan",416.8
"3076","wyoming,sublette",344.5
"3077","wyoming,sweetwater",452.7
"3078","wyoming,teton",203.3
"3079","wyoming,uinta",417.8
"3080","wyoming,washakie",386.8
"3081","wyoming,weston",383
"3082","new mexico,valencia",383.3
